{"data_size": 20000, "epochs": [5, 10, 15, 20, 25, 30, 35, 40, 45, 50, 55, 60, 65, 70, 75, 80, 85, 90, 95, 100], "returns": [[2561.790644116601, 2159.839010553818, 2685.001454897242, 2292.2884622478346, 1877.310706435871, 2300.0797739110094, 2684.7013872276907, 2631.125948496573, 1473.2772353675252, 2305.6944875632057], [3847.9479931706637, 4095.1094018505246, 3927.643225676028, 3955.1358146202356, 3734.647474352763, 3870.1045507189233, 4008.4515843188415, 4128.334356816823, 3786.3556612458633, 3973.310799721258], [3980.0999491403977, 3757.267431325599, 3760.5935103627085, 3753.7144298421795, 3830.6481408555173, 4068.0974519131696, 4053.796969075929, 3976.850136190359, 3882.1256892932943, 3879.978462690161], [3983.5520141196207, 4013.3104065510024, 4113.109915455396, 3830.2698313000433, 4039.3308259744317, 4122.9266292809, 4042.6959954041145, 3899.0673499695904, 3973.3797945468627, 3959.696121942889], [4274.328376336659, 4220.46287741363, 4162.802339111157, 4098.664394379565, 4073.688765821604, 4143.719882548168, 4123.715819705651, 4164.011423770293, 3955.260834746218, 4180.012018478295], [3915.7773702007626, 4080.9976495516207, 4172.2403072145835, 3940.5571252360355, 3940.6260812934565, 4025.0617428812166, 3981.0257737737506, 4022.8348659836693, 4008.6089427160305, 3896.92649850807], [4256.155747634019, 4202.751966227115, 4184.709430764989, 4082.3438801752927, 4148.7935342554465, 4156.386510003552, 4178.311442439518, 3976.290170833426, 4246.651683828269, 3919.229270401578], [4164.262972319231, 4225.466901574732, 4131.57861290549, 4050.7174621721992, 4155.271542115234, 4315.537926010036, 4121.646150875123, 4235.210759885593, 4187.528821820332, 4126.628917588081], [4268.7900322477135, 3932.6160382171056, 4230.926555559575, 4267.304602079066, 4156.829161551031, 4000.558544051251, 4231.432746826699, 4211.16247143291, 3967.241778971737, 4282.496870528918], [4283.302246310064, 4272.4874208204255, 4176.587603440613, 4182.735430690726, 4100.001247605813, 4155.6193562344715, 4169.843491177881, 4091.943868265989, 4119.564259917031, 4199.324256982219], [4218.208685101968, 4173.792093578044, 4050.9671314248294, 4081.5820538824187, 4233.545384964446, 4204.094204621208, 4368.112228451739, 4227.4856118630405, 4170.657805132952, 4103.540180420808], [3768.4399228706548, 4094.3339543857082, 4041.594711694586, 3970.401379581411, 4132.096979077987, 3963.275223002195, 4025.786342636394, 3923.831823260129, 4058.4596512576945, 3948.5776381750857], [4262.442517600118, 4199.79399641557, 4124.2604506048865, 4169.656546524317, 4111.842368664297, 4185.861663174339, 4260.485249446108, 4218.447799981963, 4291.4151226764025, 4156.544527130688], [4075.4417986284066, 4181.009129387217, 4264.213916717811, 4295.6908110260265, 4151.918628287529, 4100.662991110329, 4316.710841471729, 4149.8076890100265, 4149.484106640223, 4191.355593792432], [4098.725775582561, 4072.057724176541, 4198.662553528394, 4189.195233713599, 3952.9573689575323, 4198.373889876096, 3980.112464429385, 4095.1701087379397, 4088.570284073581, 4152.43305180803], [4155.105423641261, 4263.032233056829, 4101.313087012146, 4171.2163850562665, 4058.8331131409554, 4053.5057648555294, 4262.504436227017, 4099.432266501484, 4185.365034268633, 4174.3447651736515], [4000.3007898950104, 4050.909005037663, 4164.372443116054, 4076.4668793299224, 3992.3524533428717, 4204.4917694515025, 4008.7611893186668, 4175.271610923629, 4154.862518490448, 3998.6984059130286], [4295.134531540593, 4283.905502104902, 4152.951247534428, 4177.217122014004, 4289.398235403144, 4067.0256583591668, 4047.2815783858673, 4285.543261239404, 4308.29216653387, 4157.639441307068], [4178.9721815591265, 4137.674634365547, 4086.3721093385207, 4110.445844463254, 4095.0967286148684, 4052.0306013631853, 4185.404359495409, 4096.083929389633, 4165.689610268387, 4100.978673860316], [4057.5811988049054, 4038.3233029767125, 4040.0187833197915, 4339.323723653194, 4015.88019497466, 4236.608197902217, 4201.708691828941, 4031.2223925383096, 4254.661217290935, 4022.1560333624143]], "best_return": 4206.438874442245, "best_return_std": 93.9388961555095}