,ReturnAvg,ReturnStd,ReturnMin,ReturnMax,TrainingLossStart,TrainingLossFinal
0,-149.04743578361538,35.692582835846366,-226.21856505007005,-101.29247497689222,,
1,3.681638464648561,22.546529261377245,-26.45092201812401,41.27613399000798,1.0097949504852295,0.02594144269824028
