{"data_size": 20000, "epochs": [5, 10, 15, 20, 25, 30, 35, 40, 45, 50, 55, 60, 65, 70, 75, 80, 85, 90, 95, 100], "returns": [[147.95046468164517, 150.91437122068194, 155.6511183576742, 152.6783730725773, 154.16429487610458, 154.78424364751876, 156.59039310316874, 150.87271163709843, 153.85420155994103, 154.48941228492572], [155.72376149285327, 155.3872374969075, 156.0113011107137, 155.5085513919533, 155.68954485831273, 155.94603932557226, 155.24689496666957, 153.45863322298734, 155.25622223700864, 157.52842428164914], [159.18658406480077, 162.91345179648974, 156.51136062574588, 158.43987863766796, 158.60532801455886, 161.00159101687518, 158.91283871160647, 158.43934262457284, 158.90057014712872, 160.63648402322423], [151.59222109849324, 146.46088952988836, 150.71846311226034, 151.3873401173267, 148.65968350182638, 153.55902284761345, 153.12095973730834, 146.36839532144197, 149.027790637554, 146.58193163579827], [146.11578657344091, 146.30455582679787, 146.68141367442038, 146.42318115767603, 146.68713779887167, 144.4644494062336, 143.85740057540738, 146.90290716432634, 146.56041473602102, 146.3380692962894], [141.4850974318677, 140.0244842749853, 252.80462681879686, 421.23329052642856, 139.32415684477206, 141.1823845536302, 381.91471851492463, 379.63429818726036, 339.6759191919975, 153.57507380876163], [476.0694717583273, 783.4756232695307, 377.0158537151176, 248.45657824098367, 493.51409142981083, 430.53436448249766, 221.50063843764974, 378.35201372662686, 227.89648664573255, 240.20026998284013], [1128.9201146053747, 1114.7054694936896, 1131.4231873915974, 1127.8007298912141, 1134.2252819421574, 1125.1399638605596, 1131.8165226386839, 1133.046758826132, 1122.9059695228127, 1135.5002611452205], [1110.597026588094, 1045.7443798805955, 1117.9534593410017, 1343.4556979254205, 1102.1183763190684, 1057.359659901987, 1261.3812807150775, 1092.929196909381, 1053.8587355794527, 873.9029448455152], [822.0762518067309, 990.7474727130324, 999.2218256174584, 1010.636523863848, 1061.2835539478929, 1001.6960693514391, 1000.5493443757925, 1014.017938721698, 952.6356563772629, 805.0909186237487], [1455.4490745201497, 1124.7176337738917, 1366.6030036935117, 1384.491511889303, 1123.516071977531, 1107.8887054751049, 1113.6106804952294, 1117.3501080647916, 1376.3544605265224, 1396.2805267683755], [1312.218431680722, 1355.4484002496133, 1479.7747825600545, 1324.9864867570002, 1627.09679756664, 1312.8568059424497, 1319.8224724652102, 1309.9960723891982, 1317.1041893511858, 1166.3698647877973], [1427.7745893003266, 1520.4188532211397, 1024.6133288339763, 1476.4664266890727, 1484.1237069956296, 1471.6131835996734, 1474.0795606463023, 1531.6954554202227, 1459.8093800809213, 1476.6100177452], [1497.1328777937392, 1601.4484952548921, 1314.760706490612, 1440.7761490396383, 1487.170018716163, 1358.4744563421273, 2269.0433185924353, 1449.0130381750962, 1446.64814707769, 1450.9216689894963], [1022.7375940496564, 1603.2187456249967, 1447.9838448316716, 1689.1980043323415, 1154.6849838178189, 1344.783431222659, 1154.7574673468364, 1798.2458886380211, 1027.8445718029557, 1700.032954513251], [2426.671088766299, 1682.5104776650971, 1381.6065574864695, 1776.9510148086, 1661.0635629474616, 1333.2473058735873, 1787.873284869266, 2016.3645276211487, 2862.2596409415482, 1674.133520406426], [1292.1639300049542, 1289.0598312035281, 1246.0141787758093, 1286.8600167080285, 1283.431094944441, 1005.5417547035037, 1010.1575644797106, 1287.6875621127112, 1242.583137159166, 1001.2490239416347], [2458.860242518451, 1028.0017171467475, 1006.1761862758433, 1166.1823169520999, 1145.0595570340342, 1647.4441032968418, 1327.0265862584602, 1192.6917318810536, 1007.2877878282046, 1716.8465357103478], [1447.1195667989898, 1351.579436952113, 1825.930971438143, 1383.4033210125983, 1677.5050789586926, 1382.480583199077, 1381.1483558064995, 2712.7546874079067, 3133.126006030661, 1444.5830624745265], [1157.2881643287717, 999.4788525044312, 782.8076600648337, 992.0199703521179, 1085.7604993498287, 787.286600261327, 1067.0193917023985, 1004.6823836281992, 805.8780652562186, 930.0902346091999]], "best_return": 1860.2680981385904, "best_return_std": 444.3132144990199}