{"data_size": 20000, "epochs": [5, 10, 15, 20, 25, 30, 35, 40, 45, 50, 55, 60, 65, 70, 75, 80, 85, 90, 95, 100], "returns": [[225.47030921322084, 224.46947734943285, 229.95315853561794, 226.85069116609304, 222.55723148844436, 229.36499645705777, 225.61468939605604, 229.55335696220772, 227.7117551503865, 223.0554602687997], [1094.7239278812954, 985.1327410412903, 962.840519669905, 979.8367534402389, 992.1665657439378, 962.1076153667174, 1087.8048214485962, 991.6686683746724, 991.8494687658542, 1085.6681588527442], [771.7640714328767, 1122.8005180009136, 949.3359118525949, 1082.7893860712022, 210.6069517609869, 1016.5927394549079, 158.6517241207195, 1105.3048331627847, 536.1001800570981, 160.07955324353756], [159.11634218190497, 1099.301010269407, 788.5915532931697, 781.9689966926311, 1100.060653140283, 159.65554414786075, 1107.4875367042016, 138.8787920116871, 144.01282967846453, 1082.4052323575108], [157.2449352595936, 766.0670164919542, 156.99195832559707, 156.31564651270523, 763.3340266707572, 793.6045705763478, 156.39327742567727, 156.82982701349437, 1030.1220388056931, 156.96464242674182], [161.28246034716122, 155.1682218967518, 159.5108794976934, 1013.074580853385, 158.76869419668347, 982.898784465929, 157.16525340089677, 158.99880944674916, 158.8270537324631, 157.3165338048567], [112.804856196889, 1115.044129317819, 112.73615765224129, 116.89470469207058, 112.08998092805174, 781.9212601009851, 1110.0459662621822, 1071.2284099500646, 110.44497625258505, 781.1064819558442], [119.38196129522207, 123.10181669939183, 393.19352426378015, 1130.6545389473943, 1158.8804484943614, 1297.6892398582884, 1864.7866560484917, 118.90369619838889, 123.48514975909548, 120.96779083107286], [123.20764706216045, 125.1705058817903, 789.8480513363003, 119.17470256166615, 121.17442877826981, 121.44166134732826, 123.15941620575924, 125.61976857529427, 1137.5497165266897, 125.42051784046035], [514.3127605310524, 673.3143131545821, 430.8566972952287, 654.3970637354048, 653.6349143806262, 765.754905934532, 726.9868594849745, 655.6187863813382, 516.8853608450873, 676.7343568977157], [1239.2033606354066, 1056.9423699965907, 824.7844525730757, 802.8053011806103, 819.2552047479237, 1026.660364549191, 1131.4028418547714, 811.932025612951, 812.797371639781, 1160.6875441094], [634.7670527272081, 722.1596771081813, 702.0829207133179, 638.7183500062416, 402.015664371132, 632.8900212424873, 418.71299757276677, 708.2006473946972, 712.8995515795153, 672.8085643436224], [1145.47108168066, 1464.9455462936858, 1006.7046107587616, 1006.8835904850081, 1102.110159222375, 1097.7484152002758, 1003.0685194315971, 1465.3192224622414, 995.9222559966349, 1034.1044363142455], [997.491985922715, 799.9223127369775, 1041.6809036064133, 1322.377918669643, 858.4001819340481, 1004.2658761133381, 1004.456846862778, 1048.4206783043921, 1173.3225903974699, 831.0174420996331], [1146.796296726756, 1053.2678106889748, 1093.6622063917468, 1082.0236945529002, 1003.3247228935423, 1440.67157979305, 1076.983609198739, 1446.0980263419053, 1034.3688137856386, 1851.276846269114], [978.1151447562114, 1000.0365266937648, 993.2892162810425, 1031.8339016235857, 980.9843738068321, 979.7969389134742, 793.2274070930863, 978.9178871204098, 991.8814692558083, 971.7437738908702], [1511.0761602468651, 988.0561481960871, 790.1435236784516, 1168.2491135307266, 787.4159628525753, 1542.3330227880078, 823.7773811296324, 970.3526863531764, 1049.8816797561026, 1050.5231102558892], [1100.5197289075606, 1371.2336168166794, 814.6496157630926, 1358.3145367290347, 823.967538523265, 1071.4530786062599, 1079.7913893066961, 817.1983884562927, 813.0165092181304, 1816.2882836661895], [1425.6912254553404, 1010.3617125368326, 1435.0419827069966, 1152.2337884319866, 1133.735993669513, 1419.0998837150908, 1160.0279505365293, 1167.3305329484785, 1512.8998827365663, 1432.533834017202], [1498.0474020894776, 1064.117539997876, 1429.4804896318956, 1045.4380628498243, 1096.7088964550521, 1161.6122839212383, 1415.2303146613742, 1514.001042305597, 1084.675625497297, 1044.5643571483072]], "best_return": 1284.8956786754536, "best_return_std": 167.1501864546385}