{"data_size": 20000, "epochs": [5, 10, 15, 20, 25, 30, 35, 40, 45, 50, 55, 60, 65, 70, 75, 80, 85, 90, 95, 100], "returns": [[149.2400701032891, 137.7925886830923, 142.05302106311314, 149.84824265405712, 134.06333842666825, 139.34093474838068, 148.9564688169855, 147.47864640943584, 149.45646700235986, 148.27068600249925], [344.12089293649746, 268.99669615696035, 314.75317826399385, 233.7373681714798, 249.36263622679098, 265.66861213270886, 273.89101836039424, 313.04596116152504, 378.31230101921864, 688.4625988018795], [320.59941164663195, 280.0957321582884, 310.58224349036317, 293.4225939904057, 274.0687842110115, 291.35312532147753, 276.95571573627296, 315.2435945514269, 278.875389090738, 274.9106771748784], [304.3727975257964, 308.4938697082729, 303.9065868620165, 300.27054634230046, 477.4657532957893, 295.3820019830705, 731.5123950740717, 422.4503916931378, 314.17675353952285, 318.6216903649994], [314.8446284345644, 414.2294257054564, 334.3510733094407, 328.3610703674639, 357.7895088262183, 296.37972628914304, 322.10933992472803, 286.763234674652, 421.66544504506544, 299.9878276168422], [628.2363525826381, 424.1925628593554, 350.5471624481618, 400.1776641993924, 563.8087903338875, 424.5726903974218, 315.30122387928066, 327.8959123412777, 295.99559516316276, 751.3548641589226], [280.4136755756713, 626.7739494845315, 367.3031598817844, 276.9387959852194, 467.4447072508133, 345.2734609606242, 652.1403871680346, 575.7113596409846, 437.75314462741534, 311.3426491660856], [388.1748678180478, 284.64014033236367, 457.9674775373784, 479.4817045682722, 537.697563738453, 360.8740525159039, 392.3028429959383, 604.5736747827035, 291.52592321764286, 362.0136813141828], [588.4059461805016, 832.3823455838935, 543.8900870604089, 483.64000043976785, 782.8202979990838, 435.3823527312889, 650.9480179579672, 315.31268389153973, 514.1793584779665, 752.785141398562], [289.11159665249795, 319.51286366093575, 303.8075685732671, 471.81806024111205, 1103.7890063742152, 426.5217987057912, 373.1914080987873, 317.3425268967356, 344.2097492508476, 319.1986938564168], [795.699712855327, 741.7190187032068, 704.1748233177685, 523.4436758021394, 652.6841429937475, 394.90160882114236, 463.18080569372285, 554.0151314291301, 307.432421105712, 996.1581101821098], [329.1169832719503, 280.35487189794753, 313.48834318431585, 338.16318178985995, 289.4125532514641, 426.15221456071407, 363.33209837903934, 354.02865503535696, 360.62157981934473, 328.77334788847304], [316.8364518540508, 377.21082390528795, 423.7732281075541, 470.21256748654, 402.9938313931141, 463.77655924589664, 394.5935766726639, 455.41774582366895, 346.4288784964324, 797.2317964555763], [578.2099186908727, 423.01447758876964, 505.06711527961113, 430.8098461111442, 612.6853804277883, 587.8442388175739, 463.1137414644757, 412.2121178381884, 481.2721381839703, 472.5266117993167], [283.6791237751648, 278.93814459957196, 275.3647357840113, 276.01304725742705, 299.551535197951, 383.49414954713933, 260.1377038341281, 312.9827740446546, 276.45574539406846, 285.3595116618335], [554.910438821796, 585.6809748059769, 551.1325576887328, 526.2206279550147, 600.0205440951273, 576.5652219706549, 470.2503580716145, 582.2058121540946, 510.6541885308331, 514.5635957579242], [555.8062338716658, 509.7641369656557, 331.91910700658167, 361.2360786912774, 569.9481802645157, 742.0854469312773, 635.4712663515264, 580.7400786559443, 580.085316146304, 552.2302631171411], [445.0283711522126, 333.53715754356324, 582.4651256305436, 384.3414837243435, 814.1343532944177, 462.4715656047511, 803.4216126818985, 329.86291900801126, 989.3162368104977, 426.1160936356887], [736.7728713982196, 672.7300556034795, 952.5062857576665, 1157.8001696491872, 511.07271205072516, 995.5636938142303, 553.8732262918702, 605.5248540496725, 558.3616776977985, 581.3414093541436], [587.4018503258142, 711.1280302753732, 550.3553037677776, 780.9993594232267, 501.6139643555208, 816.741619590607, 1071.3134665404723, 353.3294619599658, 962.1378209994056, 336.4373409194007]], "best_return": 732.5546955666994, "best_return_std": 212.67569477731058}