{"data_size": 1000, "epochs": [5, 10, 15, 20, 25, 30, 35, 40, 45, 50, 55, 60, 65, 70, 75, 80, 85, 90, 95, 100], "returns": [[-13.927873025545582, -4.386654613898907, -7.003370011068319, -4.986056979256277, -6.274154123014381, -5.137672355925048, -6.3646061665190885, -5.070175595390182, -6.877913342542191, -11.917408500554023], [-9.211314754800414, -20.242184339934447, -9.780865947661285, -5.5955085612040785, -12.452889323879129, -9.231322247857365, -4.000761405547476, -7.26673126569248, -8.311605132827966, -16.612505813403818], [-4.887963790795845, -6.683317319327976, -7.898817559062541, -3.5846366140682426, -11.414735717912347, -8.815690811095356, -9.60191025786395, -10.522707875336103, -5.724615899249988, -6.901801996555894], [-7.30109055035292, -12.094962854416197, -4.935795507471658, -7.239578726305335, -4.275862396574092, -9.832656559598512, -2.925301350367783, -2.8789329426785564, -10.700257656423032, -8.117392070540822], [-8.403433776579686, -9.469246018720707, -9.573397050477636, -13.519256031572146, -9.130796433940734, -6.618650354215698, -11.478675793780411, -7.408963123453488, -5.307976210273186, -8.13069241508595], [-9.440854253919293, -6.084083636203249, -8.638323780373428, -9.246922737474975, -6.256238147171313, -11.683879359512213, -4.777057729530925, -7.197703918864098, -9.927349594477732, -5.494555390997058], [-6.323489778910835, -13.419643171321168, -8.067095855816095, -7.427907425338656, -6.799144791444788, -4.714213840222257, -7.150358741431686, -4.799916998494673, -11.075303310993045, -9.064043466234798], [-12.525769071790817, -8.85944360105408, -4.161027029281257, -4.8984507846971415, -13.418576723437335, -4.365049279959545, -9.70119847561313, -8.317225762593122, -5.966182011579233, -8.175335088759343], [-6.938939664321609, -8.78600836358758, -8.060355045629628, -7.4129661482695965, -10.310287982595234, -14.071093748692952, -8.644486777075103, -7.277684914579696, -12.038133545334173, -11.093434076280472], [-8.417168370306062, -7.563095407751766, -3.1528970642424925, -7.695164609361492, -13.465039539278626, -3.1492114620688927, -13.187447537532929, -5.392399672099876, -13.311409007580123, -12.54369537244238], [-5.165934091796912, -7.307643749184998, -6.49124285254774, -6.784827630887897, -5.8132382134697, -11.28235062055711, -5.052290897207338, -7.291583288564413, -8.076085670308203, -7.509940632409917], [-8.039288787076195, -3.7352412171575033, -6.898960729069429, -7.375746616904215, -1.9710354275070225, -3.44115145043392, -5.803443771236551, -10.870142757398195, -5.006592754648203, -10.723394040586946], [-6.415006251475075, -7.0101128268232475, -4.5863671487183755, -7.770386485557599, -8.546733193075534, -11.532173834204775, -10.758625600299272, -7.117569714904864, -6.0861104969185496, -7.865856854573244], [-11.664660025755454, -4.539978730175647, -7.370462186688719, -3.403243446745323, -14.697827679955823, -13.001968755026631, -4.5958194710750915, -7.276750299098765, -14.272943102031878, -9.458046158029498], [-5.011466851330989, -7.253664406353351, -7.228772759350641, -6.463034978369083, -5.470251002583743, -8.696300048105353, -4.986469936655483, -6.058298107967279, -11.769179357685479, -10.222044692674423], [-5.959332237466468, -11.738617286995881, -6.156087494965943, -7.544789463890686, -8.835065974915443, -9.980479237503836, -9.24716625428651, -9.793890994088999, -7.892074745837152, -5.912426016832968], [-5.743299009841762, -4.645573899808682, -10.94947540190729, -7.629320808681215, -2.700208333721706, -5.391575248598032, -11.379466551876561, -8.201974395294796, -8.499682711388242, -4.568675652407764], [-7.2179076395489705, -2.9278801451101715, -11.550702720384692, -11.057070301276637, -13.084765613290479, -3.6676008816010786, -4.935848197857337, -5.322340947545519, -7.804388333722162, -1.9552591488630295], [-9.653636505458996, -4.840161615925508, -5.41777740123274, -5.029392821419366, -9.224790529946608, -2.493314062692317, -8.409872282910417, -10.5822295838695, -8.126823516600744, -10.410014487101371], [-9.642131541648748, -4.3727376853502715, -3.667834489435939, -5.945578432889082, -5.490014034188737, -6.754876086448707, -4.5436889180657865, -2.587221929911509, -7.8278308239816425, -6.8851323317031]], "best_return": -5.771704627362352, "best_return_std": 1.9888720218075133}