{"data_size": 20000, "epochs": [5, 10, 15, 20, 25, 30, 35, 40, 45, 50, 55, 60, 65, 70, 75, 80, 85, 90, 95, 100], "returns": [[1450.885454289657, 1371.604750819837, 1351.464413822834, 965.2637624045736, 1064.9743774984502, 1334.8366579409546, 1301.222689716585, 1118.2578361492524, 1154.6281492510186, 921.069744927964], [1764.06121231885, 1069.7841783570727, 1313.0310743508273, 1476.7836162727415, 1593.1436042402404, 2199.386304090066, 1375.770648748417, 1234.8418533731935, 1573.039970487829, 1872.188859625836], [4127.723911898988, 3997.836625670875, 4133.278763335636, 4093.595424376808, 4122.864083407737, 4016.9986074781395, 3677.0489506929252, 3972.7112467027096, 4049.265991358246, 4024.461566005611], [4696.857397393635, 1754.9150703284981, 4327.505653131416, 4646.64616391411, 4370.339360866052, 4722.742753412117, 4695.192263319098, 4714.528743746139, 4744.501383926449, 4526.224394696871], [4670.61657783658, 4622.9489450633255, 4767.632322483752, 4573.795245935177, 4590.645388537294, 4464.289573178542, 4773.6020431668085, 4804.049568541999, 4402.8127181022965, 4622.443080081851], [4678.043174089281, 4686.691992372288, 4589.50127954989, 4778.16358459965, 4667.380721989845, 4701.812487562375, 4531.124187601351, 4649.853020827046, 4788.491068851689, 4740.151129664564], [4751.459913407986, 4665.1335416280945, 4588.257759520547, 2724.333925834587, 1995.576659755313, 4715.5050746833, 4633.998777820817, 4567.972564656531, 2255.3958767642403, 4613.471357782291], [4576.015495404642, 2318.3794799828756, 4872.869554807439, 4865.369266750965, 2331.652706952642, 4829.766633419038, 4803.189318347582, 4571.081575875752, 4766.668500405309, 4702.050910453055], [4769.37716068955, 4567.954613747391, 4698.629163852515, 4901.015397795702, 4754.658836498147, 4514.651009226113, 4686.899839203686, 4607.783847246868, 4849.095553228287, 4640.0466652000805], [4644.834424477256, 4802.975340936405, 4695.937254080623, 4638.32580623676, 4840.827250902721, 4643.550861560199, 4574.386996938889, 4653.063629501616, 4639.91521096667, 4726.504793718275], [4927.381747693052, 4807.80524382413, 4916.778989678548, 4735.263228700387, 4793.753714074503, 4924.540667106855, 4661.979549830168, 4689.779291859215, 4637.486096871402, 4722.910203963534], [4575.940273236128, 4703.10107911746, 4481.915822016362, 4899.860773347317, 4716.697220642135, 4720.5371215181185, 4901.936983050369, 4536.22059156873, 4764.222498546326, 4813.696392169429], [4823.3380798240205, 4825.585403510252, 4731.496112253828, 4911.52217537165, 4710.362336800322, 4767.313218833248, 4687.620906398591, 4674.376724507462, 4688.811595058764, 4738.973464077516], [4853.767160208297, 4678.521204687895, 4790.643854201947, 4835.863441342965, 4702.2929427255085, 4930.795562264443, 631.8977656091881, 4874.466874574338, 4728.353919063736, 4821.362386710064], [4814.741293263836, 4778.496505713578, 4897.029098376563, 4754.086996565892, 4835.031095244866, 1663.7608391343806, 4861.70228744181, 4967.000152163882, 4804.2438529876035, 4911.808505310788], [4738.46048830404, 4930.241644420531, 4798.958411530294, 4855.376669568976, 4602.367892513568, 4647.120171734412, 4861.696787877416, 4559.534592814486, 4776.397577444735, 4854.324414922264], [4382.55599717997, 4935.330712438966, 4763.673920442193, 4603.374016176844, 4859.996078866611, 4624.6215524286545, 4823.580658101417, 4605.500538369812, 4699.424767984133, 4475.772101257573], [4593.649343880868, 4790.370606160331, 4710.536874258565, 4780.750922272682, 4933.2844207419685, 4526.30598075156, 4818.837101202964, 4819.783114593092, 4797.675676451043, 4994.105810328869], [4791.636391259995, 4745.794554866631, 4468.515134597141, 4705.828281607165, 4921.785859885438, 4628.739784883553, 5028.592345935212, 4848.259236054004, 4875.695413903576, 5017.057548507738], [4815.756334042419, 4693.993758827117, 4587.651450518237, 4654.7442116152, 4472.34008736539, 4746.853317035505, 4784.570645085601, 4908.308603638724, 4662.868447871937, 4792.537344071433]], "best_return": 4803.190455150045, "best_return_std": 165.30153212039468}