{"data_size": 20000, "epochs": [5, 10, 15, 20, 25, 30, 35, 40, 45, 50, 55, 60, 65, 70, 75, 80, 85, 90, 95, 100], "returns": [[279.8581751464164, 291.245585145963, 366.773963523699, 356.7736322677413, 259.28650907269247, 297.963180263539, 358.0785576925747, 304.8004461705372, 344.1854099610957, 270.38793484280757], [307.83842594107773, 335.850333565958, 279.1180817597174, 324.6509783353847, 283.515675319225, 326.56008045843566, 299.87646979507053, 416.0910497236652, 323.72119759366336, 267.63976744864334], [279.01580608004997, 232.35805397375694, 347.00770403392215, 239.54952900979052, 296.92072647684927, 236.68063736150899, 231.30303914788226, 226.13432783917105, 248.05366735621823, 240.3761673712379], [234.70424917480048, 570.0700236927875, 371.36174626547205, 240.96141909866483, 339.18339713624215, 247.62336999001047, 285.3825245095044, 230.7430595893804, 228.7534663762969, 235.33156633097687], [608.1194151639203, 584.1960416885067, 457.80442881250747, 342.780236206744, 441.84781130701214, 405.51023178792036, 584.9756018492672, 465.38486559701806, 529.0384996914285, 253.4964782835679], [223.60391389947634, 232.14359569506948, 382.3512525287902, 226.0137385327713, 465.74291051850116, 307.6079196803434, 232.76055876810216, 224.078127315268, 435.68825802993433, 379.657788435442], [387.04826818715117, 489.7724671042843, 384.89179695194605, 459.3671141235034, 388.2773216045518, 237.365835724139, 275.7532086888739, 329.54546002747514, 481.5930431125493, 424.4463758981742], [234.84860750488247, 651.7219304878262, 268.18367663037213, 483.31712375609413, 344.01861448680444, 274.35390062002807, 253.50350852296083, 270.3924905971262, 406.915410830558, 631.6133366617994], [390.2619803033024, 402.6425342612719, 531.1327468459283, 554.5184874823086, 369.65638855977323, 489.8001495675055, 646.7385152106309, 843.1818778438602, 491.5434026284216, 631.9388122912515], [312.85647279146656, 514.3374373519426, 379.2364811912553, 379.0556682606765, 380.07751007939186, 280.0129309192651, 796.3255108304179, 519.1738751545976, 376.1364351309618, 298.9391037501074], [595.5350771983145, 373.14963560112943, 348.67161226855245, 367.08761745103385, 456.05184742959455, 338.6716623770495, 319.65459382459085, 593.4723090700302, 705.4685743530622, 321.56665890519133], [628.470394616082, 836.302067011644, 774.7574931284663, 491.2831765543611, 502.4169738077551, 507.7781068444293, 464.10088189201224, 646.56809618203, 489.4154860630363, 357.09094626554196], [562.0248754073344, 340.5668610396567, 400.07188293245196, 634.9346804939272, 729.5051175296553, 950.1615746023701, 561.1282645528006, 805.8282656779197, 578.193331550623, 876.4179179374892], [492.1704916466886, 277.4129682807758, 466.8498504679356, 500.64977756543175, 571.2281860353942, 516.7642635894288, 858.3806816601101, 638.5100621468208, 599.5416470855029, 648.4467233053326], [606.3725270142987, 787.2473417730812, 675.365194645634, 904.6648549206873, 908.7942906082201, 276.1865431006419, 944.0847120204384, 603.0307327732978, 794.2978452324736, 649.7050870775325], [1016.3300286220051, 722.0316207108165, 541.497446102906, 307.55336904290425, 373.1313633015062, 467.71316006832774, 548.461300577221, 609.30501600089, 584.5062739451154, 997.8207661393526], [620.1191776548499, 682.7806864913308, 857.8780848846296, 1037.7409456291991, 714.8805321952169, 614.2848238621826, 769.1317899322233, 700.4685397546722, 580.4373567199934, 809.8897506301944], [541.6560777328194, 838.0250604609053, 709.3240638300844, 354.2035434234954, 1175.2000921072479, 1091.633115224135, 735.8404240205141, 1312.2929024397706, 1377.1863441303792, 609.9006790944468], [570.0313990301574, 840.9298340261448, 743.9058492776014, 706.0878335395358, 776.4698634345124, 802.8358518612262, 708.6812108740354, 666.5163185188239, 597.9320825905241, 670.6744456327807], [758.2246430157447, 735.3876470432547, 562.6339741525279, 506.96839901257596, 896.8600229348885, 347.0240399317062, 734.0467486281403, 512.7115997476758, 750.0515428803382, 643.6963585437197]], "best_return": 874.5262302463798, "best_return_std": 328.8266691277546}