{"data_size": 20000, "epochs": [5, 10, 15, 20, 25, 30, 35, 40, 45, 50, 55, 60, 65, 70, 75, 80, 85, 90, 95, 100], "returns": [[335.53279346176834, 192.745190574982, 193.59255722937397, 324.1290749175163, 189.0312771088174, 14.570407241057348, 361.3888470832331, 187.7044723933323, 314.0497753283364, 196.63489296498125], [501.97437092922866, 45.0218287373109, 613.1552227578137, 276.11437332867536, 685.6043469310599, 45.025422258341116, 46.07561379046362, 436.24779808394976, 47.9862687838699, 828.9246128556006], [1819.6713210814903, 771.7473974289819, 750.15483113407, 1004.8330750580575, 1236.8818255038711, 2304.5653728211455, 617.7577258841648, 430.37933750312794, 1612.2714175262438, 766.3495803410564], [1627.0573907451273, 1579.775623787777, 2011.0287031809023, 1680.794712051731, 2289.5444007929045, 1569.5569228124189, 1931.9204818758308, 1141.23932722502, 2682.4326571205493, 2224.3860848781787], [5265.110556429658, 5282.019314981621, 5316.095333915175, 5177.089325895485, 5116.845437717895, 5278.7711164030825, 5265.875837788086, 5191.9329863643325, 5311.471531491057, 5189.409202698468], [1807.4830756214935, 1227.8991521590938, 1205.385379839651, 1793.4742221469883, 2622.0184615799085, 5293.127622044923, 3806.4516636565186, 5464.275922754441, 5394.381722852446, 2653.615927341508], [2932.114429383103, 3507.5921395995615, 3817.428325639306, 5436.956192481442, 5379.229192760223, 5197.356763756932, 5296.273439559678, 5456.411929685241, 5338.086193251069, 5333.278241520598], [5498.667484829405, 5479.536610159288, 2592.2141428269706, 5555.034038779517, 5409.211284114703, 5353.502218611799, 5550.542930196365, 5410.258071110187, 2990.2348828480767, 5552.594192762431], [5515.8679106425925, 5458.939926391052, 5503.97446439625, 5515.641717509034, 5578.858747595228, 5415.1270711923335, 5499.575238826652, 5477.263826227895, 5529.2937968065635, 5497.873950409074], [1560.0017692661029, 956.7709385550197, 1528.3437265438465, 5036.716731554262, 957.2359646106008, 3130.9114082158253, 998.3191249998398, 1020.1439377187618, 960.2875137931203, 951.3311744607355], [5610.049517161315, 5550.059704842933, 5583.196312153879, 5560.544528011363, 5488.717362647899, 5504.6356922053565, 5489.349944541588, 5529.360758612301, 5509.095387059662, 5430.605402801851], [5336.74480945468, 5428.00874100412, 5453.912641148472, 5362.7067665072045, 5402.978064920281, 5308.920551835347, 5374.083744247292, 5171.109274807142, 1906.5915625926207, 1797.1318183105766], [5508.776755024612, 5442.159487615711, 5503.453453258368, 5478.182679409934, 5531.650635495239, 5532.239928399158, 5485.213211112524, 5369.641543401678, 5516.931491168884, 5508.088629666517], [5456.822484852892, 5587.253315944208, 5532.756148708066, 5511.796993390772, 5458.37470243368, 5483.768357964961, 5347.109656865664, 5550.645613619815, 5443.609439152375, 5513.358040647627], [5560.470858309045, 5501.514535695248, 5572.767434803596, 5584.459766391705, 5562.76086644171, 5561.946972322985, 5542.774065158884, 5513.343687435175, 5538.419122955927, 5559.484879507776], [5454.355900019155, 5452.056490728702, 5472.707032503339, 5366.162770011918, 5455.302755771783, 5446.977167733575, 5482.2185310438845, 5490.641234727001, 5398.2028361311895, 5552.787025172925], [5425.917182127469, 5341.500180804888, 5504.561266658606, 5402.14497524153, 5465.013376838845, 5427.486241326297, 5345.300675755465, 5420.284258240216, 5434.660283889993, 5404.2198636707835], [5165.151300122212, 5381.841826162232, 5438.871828965704, 5528.603871057588, 5426.465219720545, 5449.84624934503, 5335.502249642596, 5516.0157441721285, 5326.235578306155, 2857.366112625318], [5463.157458461849, 5508.391851717322, 5489.353057596439, 5491.213550223005, 5480.3616470648185, 5499.813503569869, 5457.1102501550085, 5503.599634187632, 5502.488924748976, 5484.887942649806], [5314.475186234132, 5384.699624762153, 5361.567295165693, 5415.743943992307, 5415.789729105511, 5391.734665437994, 5392.24862460212, 5218.650000088014, 5268.098724641829, 5425.629963622515]], "best_return": 5549.794218902205, "best_return_std": 24.68083497144044}