{"data_size": 20000, "epochs": [5, 10, 15, 20, 25, 30, 35, 40, 45, 50, 55, 60, 65, 70, 75, 80, 85, 90, 95, 100], "returns": [[1273.304311396907, 1421.0575194571143, 1574.0434083929051, 1431.590730822193, 1853.3898418657225, 1660.5101805765266, 1623.1614559056663, 1565.0253949561804, 1633.5256447304548, 1483.6376973973693], [4291.650872140146, 4116.5104155739955, 4300.018174375533, 4083.606936663164, 3747.941734540447, 4202.201312367556, 4196.228598259642, 4170.396568913208, 4063.49101117234, 4265.475046785311], [4501.523378833851, 4690.4990530376845, 4765.932414205528, 4621.243510473793, 4616.120300113679, 2303.6306152060934, 4541.49066766798, 4768.536825376064, 4542.055086954914, 4474.727758075272], [2028.1221329298207, 4197.849060889103, 4525.302081796937, 4572.476449431517, 4460.491714966185, 4516.745892430973, 4436.24119898792, 4609.826042910164, 4393.100097682163, 4459.153015557629], [4616.8229221548745, 4723.848783517478, 4916.803137162638, 4632.771348365178, 4824.0308264602, 4720.758607429059, 4617.029051089242, 4730.412561869864, 4967.116668372502, 4731.3096932630115], [4943.123143731576, 4715.6546293361225, 4803.2434051366145, 4893.088030431851, 4656.206868723666, 4790.314344733103, 4860.680241945444, 4745.952297648436, 4570.009966855454, 4773.167228657203], [4769.40539718999, 4827.031542419503, 4701.331397427848, 4776.918532556295, 998.0216128099355, 4892.735847771146, 4815.349034106419, 4327.214582775806, 4600.7816031037655, 4947.988199897569], [4788.876282918019, 4925.140604455243, 4865.536032021657, 4727.061473622574, 1072.4974791860996, 4852.299043325438, 4611.70943264535, 4837.982806410883, 4703.026630879657, 4849.986245094268], [4790.055251406733, 4918.982670679138, 4785.303295393036, 4941.84506195692, 4826.395752701517, 4855.608671280968, 4900.0607508148805, 4561.174761892946, 4783.403171681541, 4887.265546301063], [4871.182129096865, 4346.54457001178, 4805.886838903015, 4727.858014920359, 4807.222048032944, 4678.1565611435935, 4798.777984226738, 4937.725728680524, 4764.261904155815, 4764.597860595131], [4855.763503356484, 4756.074714546976, 4871.490361166069, 4814.912886545899, 4654.69147369122, 4866.7067339600835, 4762.233304998657, 4939.064763890745, 4723.282573016347, 4734.105125759456], [4850.82449602339, 4777.017866866331, 4629.423714744862, 4765.353528340841, 4788.791204192144, 4594.658890379733, 4834.9688311214595, 4645.123722206194, 4627.611768130956, 4863.292510017898], [4845.530933510707, 4828.640263777916, 4727.123525972437, 4806.480962560512, 4826.685631789805, 4693.662523178086, 4769.488969723253, 4686.775875018654, 4584.32804002646, 4706.225649366202], [4975.732878819946, 4844.306001882697, 4715.958402677407, 4948.728190769884, 4888.600172706958, 4792.328438539193, 4830.6856886183405, 3396.6055497518573, 4708.675212041932, 4688.102689768124], [4728.415754335056, 4764.6113586904185, 4858.333249010876, 4808.508854157439, 4743.508814340813, 4449.6021154603095, 4705.287934930649, 4568.469570543856, 4650.3862902969995, 4724.630352502], [4705.203288356854, 4674.088258683509, 4586.798889816179, 4620.1799153363245, 4649.210353134639, 4672.606348931457, 4689.508415844328, 4725.133066214818, 4655.801926323196, 4658.62443566235], [4789.000514246153, 4866.14217085767, 4701.877527641571, 4647.6823492899475, 4566.0880243349375, 4780.925808857177, 4758.822804760013, 4683.390780277656, 4744.746770935773, 4578.209611761271], [4661.605416286062, 4906.5186989297545, 4700.248706983096, 4559.6434404862175, 4821.034390798186, 4845.264103416899, 4687.560017155012, 4696.831899829827, 4617.657569338194, 4728.7699983165685], [4723.143469926901, 4580.332781313547, 4722.192277862017, 4708.675278250649, 4613.165261210317, 4611.04862617237, 4576.880926780774, 4679.273170125793, 4521.211152186857, 4550.364661954733], [4678.007055063346, 4646.60475275928, 4756.761544174067, 4706.403332515756, 4854.8400685638435, 4732.455365170451, 4655.515257721496, 4904.80544859626, 4743.04951470967, 4822.712090335083]], "best_return": 4825.009493410874, "best_return_std": 103.47293348601045}