{"data_size": 20000, "epochs": [5, 10, 15, 20, 25, 30, 35, 40, 45, 50, 55, 60, 65, 70, 75, 80, 85, 90, 95, 100], "returns": [[170.6786112783357, 176.48887882582565, 170.3580275451396, 170.17112760715284, 174.0803828818113, 172.08272993605783, 170.43298864976586, 179.58582000195904, 168.421033071685, 179.15795161100743], [169.6639807516857, 183.42661371634668, 186.1138957665005, 167.51610574599502, 171.46501294266412, 168.33225152633946, 176.75857949563726, 170.3575314154602, 169.92282482787724, 173.76390695683753], [164.72539265584012, 170.25862040703905, 164.36631509913863, 166.5427488921271, 168.04443878493842, 167.81372442834794, 172.23176389989985, 170.0463920604027, 168.60456770635474, 170.19045068232597], [138.56374572055455, 142.21253346056997, 141.3484295771464, 144.78408633913367, 141.81266722595763, 146.9274457468522, 138.03650887575543, 140.3111789293206, 140.25299216596628, 140.54205568917456], [685.880349168127, 1507.4914992060178, 806.2440901772007, 1109.3683287539961, 1104.3625137008344, 358.5434141315157, 212.7611940483422, 1136.3336360808423, 1100.214824011171, 763.708048370605], [779.3707478127438, 528.9687714628457, 657.5060673819441, 852.7613422198763, 1102.3792460824668, 522.4735402982056, 1099.3237989412482, 850.1891429781801, 662.8461843575383, 658.7369174870034], [1114.2624037898393, 464.7113820750015, 1546.745134939042, 998.5471465284436, 472.10747238936597, 1121.8197443674276, 1118.757374714085, 659.0072164433554, 777.6373863953663, 1018.6169937410101], [1040.52153787208, 1219.7966158321394, 1014.2893952318768, 756.156009483902, 1072.2876247844654, 1013.4411162497466, 1026.2162994951827, 990.9829155986341, 1009.6385953698615, 785.2374657447253], [795.4635165824361, 781.1377175636591, 1199.3441963228668, 1505.3104108447114, 808.066400246717, 1195.667445930753, 785.4367956771492, 770.706615611325, 946.8302044739416, 1140.0706726552673], [942.5229921021679, 823.0439947330365, 828.4983253729005, 1515.1281657682753, 803.4499311101329, 1274.2605830015307, 1219.018845853416, 986.6476377668456, 979.8509343192094, 797.9753390753721], [1027.1634112161196, 1023.905901793815, 1052.1256420222428, 1698.5080685757353, 767.9177783391625, 1151.9541723620462, 1063.839176748368, 985.8005979629648, 1002.0287626451516, 802.5436503393122], [824.7145363008087, 1074.4704819525773, 1546.7014762149804, 1862.0230979044914, 804.2179132555987, 1229.3637512346586, 1217.108526975696, 1220.8134154273603, 1071.6723063040938, 485.49276876484316], [481.76015212642125, 482.45853990441236, 789.9975860433337, 489.68484629957095, 471.97544622567654, 827.584734945953, 812.2438296257983, 793.8102626686083, 800.8608931253424, 449.26251544416687], [460.5151187481567, 803.1893107797172, 469.51061075870103, 810.1892374565637, 1126.935419435539, 477.5438629089439, 474.6215161609818, 1136.5001032495447, 809.0142673953757, 1132.6379242175742], [704.3812105217706, 477.72924655780736, 925.4786502473396, 996.2568859505814, 1005.3922342324468, 785.5950228906065, 470.67152271413175, 773.2310522415603, 798.7093377930496, 800.0426825385897], [786.1097130835172, 1592.6124177985614, 1340.7646837347902, 1170.339610875844, 1169.373075723611, 1945.1675713080742, 662.2618991121175, 1548.831026780754, 1869.040802990835, 1140.5615994598684], [813.5520168035001, 1047.1402661430907, 771.904745137889, 1041.523070979543, 779.1895257481335, 803.9029467944031, 997.0273187540166, 1015.27733570922, 976.5426206805452, 469.239009717291], [987.9208132406757, 1016.1617827966566, 959.7183061284258, 1926.7083119084057, 996.0397665169351, 1001.0871058439345, 989.5242953287562, 971.3882476645792, 995.251133588845, 976.4423043550344], [983.1589128109576, 818.3832631782138, 1240.5216635632753, 771.8304021538493, 1171.5896512541276, 815.4787685121174, 1223.486037984639, 1549.870945107498, 804.5937461564499, 825.0401457850985], [837.9354040069791, 1482.4190505024906, 1531.889806903453, 2112.458186353885, 1479.967639711258, 1159.5412453535812, 1498.4299948954574, 695.4489350325732, 803.1557977144846, 970.5786837125085]], "best_return": 1322.506240086797, "best_return_std": 401.78015309594}