{"data_size": 20000, "epochs": [5, 10, 15, 20, 25, 30, 35, 40, 45, 50, 55, 60, 65, 70, 75, 80, 85, 90, 95, 100], "returns": [[2473.668876792902, 2064.083964785134, 721.0055095082569, 682.1235211615623, 2371.4979144195045, 2622.8602448556535, 1006.7411988978046, 2712.3081219487885, 1615.4653109321926, 2860.1117074041804], [3634.017682403934, 3435.297558985635, 3568.616327896211, 3793.784986796153, 3791.9803385109035, 3569.3257352834835, 3860.854053182381, 3214.9089089436466, 3977.525344504446, 3502.953518140639], [3636.719259837672, 3922.8029184850593, 3739.5508936006995, 3706.0035295706502, 3828.832300429196, 3491.4291516647536, 3945.1641391566573, 3756.658798904178, 3583.237521572526, 3660.3283121744425], [4004.2498225712047, 3849.2263269090517, 3850.865491162512, 3858.9477902355593, 3884.82718340522, 4114.606875556468, 3967.529624465632, 3966.2880667077834, 4067.836312293948, 3984.0605246510495], [3739.4002442927276, 4018.976466809776, 3994.096643264986, 4108.793021941246, 3932.8918710791095, 3861.476751578537, 3938.3825262845094, 4066.203997905909, 4091.1119875055633, 4045.7893988283295], [3828.474375052364, 4137.712268466257, 4163.988966993893, 4131.952913169294, 3895.805572773176, 4066.439368633547, 4025.363373750257, 4062.639562731896, 4061.051896018012, 4067.9395530274924], [4143.555968860736, 4216.41681798956, 4088.4310050781733, 4047.1256299350775, 3997.940419443929, 4215.055296355064, 4167.17985005162, 3882.443606072387, 4181.193849908935, 3962.441635676355], [4082.819163675004, 3922.079540419654, 3980.173258669982, 4096.9212933497765, 4018.165289585908, 4186.23125759429, 4198.7794887685, 4264.74669378454, 3899.401026826972, 4092.7170074814408], [4180.240001272061, 4229.703008432068, 4109.4150109876055, 4171.665818233585, 3958.1072925667695, 4122.912534164406, 4146.132132093166, 4032.229171981024, 4017.4304020905415, 3964.7911844296673], [4102.632296149445, 4192.37843815249, 4149.050505220274, 4222.796890245942, 4190.535928685836, 3961.3371263225054, 4155.472625292141, 4069.779257764776, 4120.711934928088, 4237.05719184096], [3948.9369486529386, 4020.8120714755687, 4129.206516056269, 4047.289130319809, 4236.917445162325, 4149.095287711237, 4078.0688239735214, 4245.963687748765, 4194.966264992767, 4129.16224916838], [4005.2927300177894, 4158.806965660964, 4087.329930059171, 4283.780155460533, 4174.824329949219, 4159.706874816016, 4045.527006386238, 4269.440698390802, 4130.035427170917, 4144.6161299757805], [4308.66085792408, 4290.8099172324655, 4214.757994800245, 4073.4416686297463, 4211.546111568731, 4030.8985289401894, 4138.038572129447, 4119.031835891162, 4182.138125694624, 4131.466067367787], [4115.309485923277, 4266.941759448547, 4150.400459512506, 4229.423420059435, 4160.335525352498, 4184.51629828282, 4075.8601497446357, 4093.183374419244, 4090.2016632710306, 4145.677659564061], [4339.1950461264205, 4231.005391012923, 4059.4549313024504, 4064.608652732406, 4125.313730442595, 4240.377044249099, 3925.4772549452305, 3978.398495976073, 4052.8881482557313, 4096.4795323434455], [4241.430409943543, 4021.282637216757, 4086.2208291794122, 4250.912108787851, 4025.8897396971993, 3938.2351554749034, 4121.055015789155, 3873.904018919715, 4087.37803442562, 4207.307775143339], [4037.827956861214, 3995.6662350383026, 4006.3872833324276, 3939.56846752857, 3996.381510335576, 4021.7227603498063, 4041.7229556639277, 4067.033318670053, 4016.480950410353, 3945.152292474077], [4054.3160208779013, 3997.780458125876, 4090.096816834413, 4099.4858082023775, 4148.677939619914, 4146.7366948427725, 4113.403914533542, 4078.2535388020633, 4195.568424250654, 4080.5438375996537], [4102.9462116576915, 4100.1655398628145, 4029.054024224609, 4185.630315832731, 4071.9381237653133, 4009.878911490759, 4370.074692055173, 4132.228901032587, 4189.893288796449, 4016.5869333003775], [4003.8493980802555, 4144.361989272568, 4094.4846859270883, 4130.853876934516, 4139.714103887442, 4175.839272831783, 4142.831153623991, 4112.4841177249955, 3908.4498572634084, 4140.353031918712]], "best_return": 4170.078968017848, "best_return_std": 84.54311328496388}