{"data_size": 1000, "epochs": [5, 10, 15, 20, 25, 30, 35, 40, 45, 50, 55, 60, 65, 70, 75, 80, 85, 90, 95, 100], "returns": [[-17.33391374202646, -5.711231006883677, -11.625595465388978, -15.254060104595048, -9.40158380747062, -8.589187785452296, -13.018723901346206, -8.2794812762311, -11.619660006231284, -18.713189126045567], [-7.892404586902762, -15.396975765259976, -14.646719348858332, -11.615442173145492, -5.796785669839422, -3.9853201782617886, -3.9186891617691786, -8.431863661117871, -7.772328782887907, -5.381265691167267], [-11.481487580381883, -7.287113815478462, -8.14200041030989, -9.620497345158713, -6.1205189178516015, -5.042968099832585, -6.058305256334781, -6.064849298072495, -9.416723272040173, -8.754954472990084], [-3.7944314108545196, -11.025175423894204, -6.296659934294103, -6.423474172719224, -8.737353283384937, -9.517962492363697, -7.93865974503266, -6.446841990924712, -10.480306799104929, -4.550605514057851], [-6.396847660136263, -7.364238630676868, -8.637230826114859, -5.470595320442367, -10.866529172793562, -7.453694892830029, -5.781221210766537, -5.88010433830796, -7.182778595604595, -9.79440037221354], [-9.900811792375391, -3.2439811580354485, -5.130170221340733, -8.698753967788255, -10.106667627296108, -4.354007651400087, -8.094197338956015, -5.022139179057396, -7.035070610780388, -7.3817157054111755], [-6.404765415919322, -11.227229623463273, -8.262496073009277, -8.40927882333604, -8.134406179547517, -9.688662892699817, -3.0883603205856995, -2.9977690079505437, -8.79064771839264, -8.161808791071214], [-9.695031812199131, -9.289148983099407, -9.576060034858607, -7.066801866429159, -8.204458121663231, -6.196483706190992, -7.125081814937157, -7.463357763400297, -6.508663226145561, -8.325880257544945], [-5.80457062156459, -6.7381697410318635, -11.275476550074934, -10.249013614187852, -4.52503442913926, -4.39003442363887, -7.0405826008117165, -4.437058016521398, -7.722398167460368, -6.485705742023455], [-8.769851906089217, -5.713127106537029, -8.408806612203323, -4.48354584711505, -6.37577853937122, -4.861079828177205, -4.75491285827592, -6.680084576349955, -7.710757193544818, -7.611147146172283], [-3.055228095358283, -3.6046784330772708, -7.5157332549278495, -6.247414091596734, -10.766046428208806, -7.930926293596198, -10.983035368117243, -3.6900326140082225, -6.298585531010195, -10.744946959125505], [-6.2223375961882414, -7.39381397227118, -4.9036195311621045, -7.9144015385667155, -3.324236188587546, -8.989990273857417, -8.949460860180757, -8.750918369794075, -4.958207995702345, -6.965130730974832], [-4.397958720941243, -4.7471272364192725, -3.1770431628833853, -11.949236004826247, -6.201724768426015, -3.9188965559113913, -2.553844812209637, -4.9425619091964625, -8.721782573087063, -6.23475759127591], [-6.154148786072643, -6.530736335442149, -5.451550807006235, -6.476884075087956, -6.0708488440338515, -4.624798655532481, -5.9744947368508585, -6.510024355177281, -4.776657757084447, -5.331144004905333], [-8.71142765422031, -8.56993767056598, -4.2803381505946, -5.360839242262947, -4.755135430130143, -5.1436576377224865, -6.2930096615185045, -3.613489568217371, -9.834552115058246, -9.752207354466957], [-6.430216632980431, -7.485414308273058, -10.220297809830267, -9.003855116605935, -5.0888864851089615, -5.4051064739717765, -7.552113276341949, -6.6835473702993395, -6.339892102390438, -5.226679922582387], [-3.550003794329644, -5.683060337790316, -4.607991655131944, -10.920873295985508, -3.14010632322264, -3.736485533561166, -10.342196334358633, -4.985806151896761, -5.328454128316176, -7.928072929023857], [-5.654099761858402, -12.057904881530655, -3.167284656748535, -3.5961838898825724, -11.907057866726667, -6.462076604524838, -5.957111942903077, -6.937266015562219, -5.085495394976486, -8.735535547522165], [-5.925896779878305, -4.030918794879318, -6.295078994539098, -8.618234772183634, -6.714428954490861, -4.189183280840067, -7.694381760956749, -4.4919164189540925, -5.958900204945777, -4.530367389713985], [-4.264521042093493, -9.285046500777218, -4.135793843947415, -6.320056999185168, -9.406556340246853, -4.770283357838465, -3.395516352445587, -5.432705460893096, -3.851288425508703, -3.118594491309623]], "best_return": -5.398036281424561, "best_return_std": 2.1656168182624786}