{"data_size": 20000, "epochs": [5, 10, 15, 20, 25, 30, 35, 40, 45, 50, 55, 60, 65, 70, 75, 80, 85, 90, 95, 100], "returns": [[131.70648487746791, 137.6193089116652, 134.6747732004004, 128.345175081665, 133.54000074441544, 132.86111608486718, 134.00126701805638, 129.22879570411473, 126.67755719651556, 126.51495372352358], [195.15800524189962, 200.15579452268122, 561.4731079527396, 374.85224399408105, 198.46332463485635, 207.80408698669882, 202.30210221389365, 199.58164777705235, 196.55729919226013, 223.12358657765367], [178.60804644431224, 185.37985492529705, 608.926002523376, 903.4100547131675, 190.87040121357302, 205.07346474045505, 434.7500577333539, 171.44557325491309, 190.16732691011507, 174.157043865282], [437.0416128314343, 186.09118095451953, 186.77066037278863, 194.6976406548743, 184.1737191748035, 182.9051520312334, 184.4618690490369, 183.46989598695055, 185.14130154710594, 192.82261376815327], [188.88127350750665, 191.79734550286778, 188.21682910483892, 186.37233100638198, 186.27887809670278, 188.04248722995504, 187.49006457758807, 191.00844268130558, 184.2798177261908, 180.39125413122534], [209.52064823483903, 340.19048189576176, 1012.6083492928379, 731.968748189388, 3.1379469337557353, 1233.9406368581053, 413.13443436237094, 1045.9972644846152, 193.2086808211348, 1.880105118699933], [177.35426155207972, 179.5090404377835, 183.9322665632059, 222.28370353106507, 188.85289026305617, 184.6152198304639, 182.1411770748826, 195.3519772797701, 176.8964883972992, 1098.2986137143484], [1026.1561596662561, 2348.7231649396094, 1693.3152041192484, 2500.8303240651735, 877.6439040629466, 887.1057182761416, 905.7281694351248, 2555.4509646138004, 1932.3425672814983, 2208.437785807021], [364.57923443121314, 409.8916008352646, 383.377869617417, 362.65758948233076, 413.3246381337487, 359.8602991691028, 385.5049921197561, 1023.8321519390204, 337.9281262277081, 1214.727676551529], [251.2196395138035, 249.9240159598643, 315.1698400449075, 4432.470319824971, 285.0457107032862, 304.5760054775982, 268.830661719294, 298.7082194797021, 307.00588224198475, 2211.120267028232], [1561.5458809963582, 1144.8505452253112, 1610.888074673141, 1793.202445802389, 935.3794223405138, 1340.1977340394128, 3821.8490732373516, 979.1098310194056, 2351.1073995476386, 1654.9118080662909], [846.9695564576264, 1469.3241841094757, 1430.7634617965007, 810.7503569144802, 1273.973867983931, 540.5005641320212, 904.0130568598817, 2284.484985475766, 1765.2854669676922, 704.1675385255708], [3.649903035156707, 338.81676017589973, 331.7641538545788, 624.1654680805666, 331.24506928331203, 297.5410610754076, 1.4562640821018566, 317.76263444478434, 321.4854178855953, 1252.8675767230995], [2581.8310923603244, 336.12718643763685, 1531.5265311711153, 4303.203484176828, 280.10310763475775, 3.676558303709119, 4490.697625750083, 3.4492229710499576, 2.234454289600777, 326.6607968891312], [2288.2245449896313, 1520.6801741051806, 3305.947886732794, 4452.604386596027, 1351.1093636869516, 3176.784179479481, 4161.887907302301, 2956.2886808725966, 1898.3900638766474, 2718.886654708609], [356.75659418334965, 361.1054695782093, 296.08811213674085, 2.501884960092895, 271.31406962912047, 354.9787102499437, 347.2921635731849, 3558.4244144072377, 262.4510864592467, 241.90817596489458], [2336.564744257049, 1685.752086054083, 4587.669059218993, 4567.703823802793, 4144.294188277828, 4262.938642648033, 3581.687881546286, 3392.2113044913876, 4062.3520099940856, 2880.8136193906657], [1572.7645420363285, 4250.950078137288, 1244.5659844456413, 4047.8310651768784, 2618.216792422774, 887.6403864117292, 1251.002106508471, 1629.823858674271, 2176.705659579751, 4347.652788370357], [4741.989033830667, 1655.2306140195774, 4515.0341772683505, 4028.0593326099183, 4394.685846799855, 3331.9276698904587, 2518.499782691924, 1135.6235017844303, 2138.527419026727, 3585.887960642229], [0.6759852910978155, -0.3331528331613741, 0.9112268517457377, -0.21625322802321523, 0.802333873896437, 1784.0850136025545, -0.527726289622404, 1890.9425764034288, -0.2902464102870801, 0.058511035585766646]], "best_return": 3550.198735968121, "best_return_std": 930.484101842793}