{"data_size": 20000, "epochs": [5, 10, 15, 20, 25, 30, 35, 40, 45, 50, 55, 60, 65, 70, 75, 80, 85, 90, 95, 100], "returns": [[2645.950801048734, 3036.3404701387676, 3094.289076010059, 2719.9473610157734, 3086.4094570190964, 2963.6982008760738, 1617.6497078401092, 2103.177577470437, 3014.771508410992, 2534.1813393304737], [3481.7408001486106, 3567.1025344324166, 3464.0401057223467, 3734.5629998591685, 3568.987762719775, 3366.5053648079797, 3343.1492388867496, 3439.7434150599966, 3680.0887562797766, 3512.7183167955404], [3980.314750189694, 4067.9311887662325, 4111.981844955739, 3950.0605455273644, 3891.900127013072, 3801.309529578723, 3937.4003090872575, 3872.07171076341, 3930.512874534782, 3776.8444765073905], [4162.833371630317, 4033.619970515986, 4067.783947819837, 3932.22561195966, 4065.9675174342874, 4122.867522323347, 3984.9297610927324, 3936.3048025323187, 3970.670307536741, 3989.3584499706694], [4161.030582619172, 3899.263380541795, 3962.1159109757054, 4060.2636936402796, 4077.8299705751447, 4103.821140058095, 3936.535202302562, 4082.2416163348935, 3822.8708145882765, 4121.767822152076], [4168.53510518757, 4131.988147024696, 4159.664908810906, 4126.513580727315, 4065.9918699736854, 4063.3069985454968, 4228.195572322584, 4267.672805928397, 3934.6717872615113, 4228.922097833975], [4204.258626398632, 3893.181773798786, 3875.131046450315, 3968.268972942186, 3915.326202015584, 3987.3470991004597, 4057.3026656407337, 4136.224949379222, 4232.379289107394, 4160.571214698449], [4043.458380456708, 4010.2178932763627, 4076.8923963162033, 3996.255664944814, 3990.8992731853145, 4127.06655044038, 4110.920164656249, 3420.9166977545874, 4135.001974483343, 4072.606025383952], [4156.336738325367, 4049.1569773901374, 4299.270558121708, 4191.708149778137, 4276.624304273651, 3976.079177481979, 4209.371451356233, 4198.606947180904, 4127.531046285034, 4123.736465200093], [4017.377645025492, 4024.790631846021, 4170.247756851507, 3968.6245793537823, 3996.432515192943, 4067.092778972872, 4247.216828479829, 4211.484349703698, 4220.363561810113, 3963.341497904247], [4074.8379437853764, 4078.1333952511177, 4266.738287253414, 4161.629689516036, 4051.9799086941694, 4103.314477375457, 4078.735722242529, 3994.044971803174, 4020.2673256051457, 4300.623329743031], [4069.3765659107785, 4117.889604145565, 4100.903497974257, 4160.211729155093, 4185.097038399065, 4310.268578535951, 4152.731208916017, 4151.507519245982, 4141.183919716496, 4029.752262458185], [4287.794550913445, 4126.632561117259, 4161.537338891174, 4318.254942535431, 4189.273295254042, 4100.195559237571, 4190.932269133095, 4378.332722360982, 4123.933149026602, 4209.882370466696], [4128.347904612826, 4135.124168518884, 3984.979746985144, 4012.6291928289324, 3826.0878350546577, 4227.143950008094, 4085.3720570271225, 4053.405346008185, 4104.078722269389, 4025.820448968614], [4157.749007743914, 4257.351479378518, 4098.266725118722, 4116.633259678207, 4136.0128698525305, 4143.647227505527, 4170.65816704174, 4263.009386692165, 4345.569485098662, 4077.456725674162], [4039.7326804622026, 4251.962496019598, 4037.1873337150346, 4127.19218566905, 4055.731367964396, 4131.790713200363, 4198.400016459686, 4073.516698086525, 4039.65071551993, 4174.829688515508], [4155.280492966777, 4142.5666549062, 4091.2648526493213, 4148.61059805616, 4233.0103389351025, 4146.508389524285, 4043.523050790833, 4116.924774698416, 4041.7162842877633, 4118.192916040412], [4229.800942657227, 4146.894827699295, 4197.308145076063, 4039.453820785149, 3938.39332618511, 4089.9537295461882, 4268.342918035743, 4113.51427388389, 3936.5008338420066, 4121.359901728253], [4100.76123700592, 4171.647867963394, 4196.9784274245085, 4277.8026051337065, 4251.436238248025, 4086.4544638649077, 4078.2605768723815, 4077.353140395267, 4281.74143660482, 4070.639809775953], [4155.47347234311, 4155.774017909249, 4185.628736608773, 4119.482992996887, 4084.08199014377, 4248.710181935999, 4177.682277308612, 4300.373750435208, 4177.925315156046, 4199.3909176790185]], "best_return": 4208.67687589363, "best_return_std": 86.97470293172283}