{"data_size": 1000, "epochs": [5, 10, 15, 20, 25, 30, 35, 40, 45, 50, 55, 60, 65, 70, 75, 80, 85, 90, 95, 100], "returns": [[-12.966713550345533, -21.604685440002378, -1.9575158785756404, -8.223856344074562, -16.57547441409969, -18.981296520180443, -10.130143786822979, -15.089532622800778, -14.136217221077839, -5.626804254724457], [-9.088024809052849, -5.878414663355309, -7.025681359160394, -6.4572305760212885, -6.52451256490508, -8.941092537544586, -8.883447957125062, -3.2068927797435394, -9.076288365797279, -6.338340602697131], [-10.54443664478111, -8.937086544087485, -3.4713201983581823, -14.887176241103408, -9.558810392303306, -4.848358560761788, -16.340687288323192, -6.377895465198502, -17.440665524058424, -12.33449694340895], [-8.475609659042716, -9.54389442726713, -14.720391668077841, -5.477203831868097, -14.722144737805985, -0.9697765001504676, -8.605101479875403, -10.654010128174946, -10.775049360106467, -6.353729309494933], [-5.3078215360745515, -5.011709958008784, -7.372797294907593, -11.647187622360773, -6.289899814363161, -4.099038102230748, -6.400430936115402, -11.89665289421593, -11.860125740376066, -6.734127261758472], [-4.554656513377992, -5.687236325623948, -10.59846683394667, -6.346077967213773, -9.031658653370476, -10.93943923121847, -5.62650962657893, -6.785366065808781, -10.457177616330092, -2.900615251235689], [-10.516158801985085, -5.69449945816716, -6.189047285794841, -6.6204698984048855, -6.211325248635336, -7.113803519985313, -6.280917417011467, -6.458650237475276, -7.750763565018267, -5.530652035180431], [-2.63331747829209, -6.134074980957494, -6.150218803081712, -3.244427393835755, -7.0777985756895525, -3.350537865991417, -4.213434166899481, -3.9466514454294255, -3.1001120234423984, -5.213971179768657], [-5.284063857525824, -2.785372211332084, -3.0101689039797184, -3.9877209035897594, -2.2900366688304543, -6.6502906247074725, -2.3119643444289495, -3.532068108523984, -3.044220410219982, -7.818081515456161], [-2.6201163921258557, -4.680370020396249, -3.5716138396674477, -5.190889976374363, -5.436724443256784, -6.482697178390594, -10.49814653148065, -8.27204550967488, -3.056344926413328, -2.0519715446987723], [-7.243269333642401, -2.4801077636628226, -5.397267078444604, -4.00357878146295, -7.659527421089784, -3.361627847257936, -5.573901469109219, -2.1788455210712128, -3.5328305206741915, -3.9076982237100415], [-1.1660668820902254, -4.745238653167359, -4.628795448079383, -4.3982741080532355, -1.865070268565382, -2.0748082456473993, -5.522293073258306, -6.937177960992978, -2.4572001727297423, -5.85825357722958], [-6.696443443851068, -4.7283246349435055, -3.3747763167357556, -3.6167684391269255, -3.131773868120514, -2.0021180357388944, -5.47846655071871, -5.756682247491461, -4.388731089715499, -2.07595205892412], [-3.786103840625599, -2.0628525323257034, -2.9012085067757023, -6.97869495312702, -2.222586469112666, -6.545573914701406, -6.119982360083238, -4.762602025706335, -2.462189993090861, -2.9734214744753937], [-7.507074740748713, -4.875026161751996, -4.271369173284905, -2.678015959087841, -4.95486647546317, -5.191871590642229, -5.571899831980193, -5.8446183544602235, -7.062434053424553, -1.905595457327111], [-6.812659070039785, -2.74458864967395, -5.208505526647229, -5.226615918086631, -4.7209445529718685, -8.836220700302736, -2.4227959309544893, -3.5739489458930898, -4.543073686934881, -0.7835882344711982], [-7.874948803132343, -4.509278485037786, -3.403755501350513, -1.179323130230225, -1.0547189724105632, -4.5735757945676765, -1.617513958703554, -1.664291553227768, -2.828705192439192, -8.939158399533031], [-3.4335284795938286, -3.767236641991117, -6.322637346775006, -3.234610566803903, -5.288932522855884, -5.905395661847032, -2.662922735128083, -2.921915392876463, -5.667714578106196, -3.358346065825217], [-6.725865837522684, -4.66992057615888, -4.282253124758065, -4.973523822821422, -4.587917004038814, -6.206684338596109, -1.277077025109494, -5.197284173380696, -6.239634650238879, -4.596869993649202], [-7.794528711986559, -4.538736163252846, -3.370948533392972, -1.8644587847043474, -5.8390040117272335, -7.164044347583755, -1.5490843298584944, -4.2374702457546665, -4.392465502677412, -5.349185412986233]], "best_return": -3.764526979063265, "best_return_std": 2.6255381029978757}