{"data_size": 20000, "epochs": [5, 10, 15, 20, 25, 30, 35, 40, 45, 50, 55, 60, 65, 70, 75, 80, 85, 90, 95, 100], "returns": [[192.3244352888233, 204.49780832991684, 221.06668523554828, 215.5907275180933, 225.3597050930341, 234.2779678713819, 257.4059092507686, 229.9208557658461, 217.3612677807748, 158.87435274978708], [268.2066655174705, 241.6412245798623, 215.78056363922047, 204.0017995622048, 226.06525030858228, 206.60801286627228, 242.5151500962811, 241.8402182615884, 253.38604356636034, 213.88294571418888], [250.78352354745692, 284.7578874271338, 253.41884216890838, 254.217072410862, 237.156673770413, 244.50012494353436, 284.0156119049459, 468.9857719032351, 264.66291917828835, 288.91283874511055], [244.02349635677254, 258.45495254836095, 336.00063005749894, 223.08584596699873, 224.61078191575825, 273.0009035623036, 257.06614646342075, 229.2742402176587, 243.62359327453905, 231.94123238572337], [393.35645561677734, 372.29402027907753, 414.37016957718214, 399.4489570712905, 258.439322915207, 269.91164213617446, 320.1229716733458, 348.19912198750643, 274.4676638320102, 391.23830903352143], [586.9929700256391, 388.1090245348351, 282.01782473033415, 365.52979965147125, 484.63026679919415, 346.63314368447675, 317.72885205505133, 402.90652255824614, 297.4677004154685, 291.5375514589521], [333.13076047815485, 526.4248879591605, 575.9521895252402, 414.77648973263166, 388.4731752658868, 422.703047412676, 453.1571914512769, 820.6467235788074, 876.0820409463608, 410.9474140436633], [643.0670707696208, 1101.5851990712893, 852.8152491219478, 947.653961906078, 836.9910609193583, 1223.841940565851, 826.5896210533709, 716.1913679226321, 470.40678705638595, 724.8557351680586], [376.4389871813615, 668.7693061835724, 457.1114301014254, 878.4669711271812, 411.07978533441764, 1019.9510352234523, 1152.7405460153304, 527.2622312338923, 920.4939973719362, 663.6689340504133], [1203.146748923654, 621.7424787074345, 1280.9106432854078, 948.8152719528379, 711.9465474736988, 991.2359683166032, 601.6865041654287, 1200.2976510830763, 1637.4738351891565, 817.5224376195202], [1326.4167902740555, 624.7677834650411, 571.3474530389099, 897.5043258172465, 708.7951905549061, 832.0374130983702, 1579.255620015567, 618.8489996941819, 2864.667024063445, 822.7505200683958], [1074.2925523634592, 707.8847842466978, 762.7808954680133, 1377.7675063852646, 1617.125372537992, 1114.4318503966822, 1297.279427371597, 1028.532759652656, 638.7420606893594, 883.9610369727435], [1418.9761242426655, 2063.887155207499, 975.8218463106853, 761.8920047946639, 667.8490349026794, 1384.9648976067044, 1352.7906095347118, 629.840747872665, 545.2882949876872, 598.7310395069612], [3939.699083456033, 1502.963677280162, 1646.8720042279492, 1783.1480850195842, 862.0368663464127, 1898.8225628669002, 639.3033862758757, 1438.3687137554539, 811.177060646357, 967.1297392501192], [2397.7750858617496, 1153.759205189872, 3048.207221605573, 3194.888735774925, 1976.324891968195, 4095.3305636242535, 3082.544736096174, 3228.532239391227, 1897.41615767299, 3809.0353977030595], [627.5871435158731, 2705.4314274832946, 1180.420167735036, 703.881163657767, 2004.3401723115946, 2030.3713115263488, 4009.3464168104856, 1038.9064960152227, 3579.8334671338557, 2464.406231816117], [1801.261470146314, 3267.1067178477692, 2022.5720511876514, 2046.7440924528796, 3474.058691938164, 4575.235931290868, 2979.438098982077, 2366.6052359828204, 3202.154274933714, 3567.406480951204], [7771.613499284559, 9344.432029053867, 2047.7274049426971, 4655.219466942328, 9532.994551682734, 5193.891840938956, 4560.263077907341, 4213.041943407328, 3034.612044993096, 2147.210163426991], [3045.8007122597373, 1725.1677466751642, 3425.259494953549, 2745.7558571215554, 644.1826470999208, 325.7028226106049, 7670.216171213575, 3309.627838496465, 4043.9495752025437, 5726.494987289775], [9098.946984661401, 9988.669773554295, 9930.45390960296, 7751.610433584073, 10082.61681310673, 9947.039651508903, 7033.237794934798, 1390.9015477220562, 5761.087606874659, 7312.451114750621]], "best_return": 7829.70156303005, "best_return_std": 2586.2974678550095}