{"returns": [4962.644662775064, 4873.835185488624, 4788.625425748478, 4876.707492083501, 4697.5478005636605, 4647.150440753446, 4853.539593881271, 5011.864742282866, 4851.819933378288, 4645.73271242998, 4913.949720804983, 4920.876951979017, 4869.94275161184, 4978.408415055295, 4507.6623443247845, 4949.074301168719, 4652.645624796456, 4286.63644679571, 4893.393184212572, 4983.094976291469], "mean_return": 4808.257635321302, "std_return": 179.46506017648431}