{"returns": [4790.110253700594, 5018.347835129305, 4831.978150503277, 4661.675114357173, 4750.3028146530605, 4748.803959520968, 4691.8293551726465, 4583.98353479972, 4738.311408071364, 4699.250452376042, 4836.377431525796, 4779.953784622167, 4984.290631076412, 4836.065000401522, 4811.459636177531, 4670.911220580489, 4763.607176282638, 4899.759725116859, 4856.533501399157, 4815.567127278997], "mean_return": 4788.455905637285, "std_return": 102.7556266624222}