{"returns": [4785.893423938927, 5036.228946176106, 4740.444149564505, 4836.169236762469, 4829.13192242459, 4804.076396612897, 4589.657309343626, 4717.116595670434, 4932.270055537686, 4862.16971842393, 4780.213674070679, 4881.313483858294, 4932.87648094539, 4937.3092733007325, 4808.952911218999, 4898.601348107789, 4854.50144109148, 4699.779510528171, 4887.0783509212815, 4959.425218656599, 4843.094820485511, 4672.036859373142, 4847.999389171519, 4877.712364551209, 4776.986341899427, 4984.058910591811, 4678.756370717432, 4881.940079597557, 4774.833650230931, 4740.143646436276], "mean_return": 4828.359062673646, "std_return": 99.33318179164245}