{"returns": [4675.270145746981, 4745.798152168963, 4989.494312483345, 4747.576454371753, 4897.242331456597, 4901.592775707236, 4984.052086493859, 4644.984805002219, 4930.098718515643, 5052.838089705458, 4698.155145410654, 4854.324168191838, 4585.971505735323, 4861.540556451108, 4931.944097359639, 4832.630825556607, 4789.137844930732, 4693.7439703808395, 4911.1148119448835, 4938.986396026733], "mean_return": 4833.324859682021, "std_return": 126.08342201656718}