{"returns": [4150.319939062137, 4181.993562017973, 4245.9496133279545, 4069.080370411537, 4299.141192209314, 4158.574791212934, 4145.920050388314, 4195.316926083658, 4162.440402559345, 4241.413688958586, 4195.825716184893, 4123.145509642129, 4249.14446206632, 4137.914660971366, 4085.693246639345, 4138.558464919521, 4141.828796294813, 4178.994849322616, 4078.3393914702374, 4185.906678677768], "mean_return": 4168.275115621038, "std_return": 58.048098796099666}