{"returns": [4046.207383540254, 4066.922659405377, 4042.1454649798275, 4032.211429663444, 4052.742644772951, 3949.293597343721, 4151.299636405221, 4050.6514094324352, 4107.199622094439, 4101.861518478997, 4165.681606056182, 4182.122850124961, 4135.722451523698, 4046.430258000766, 4099.51602382374, 4144.011966424971, 4187.332060617388, 4073.2174098772307, 4160.924680611482, 4157.486050571189], "mean_return": 4097.649036187414, "std_return": 60.987522909485165}