{"returns": [4172.803940545987, 3915.9644650695454, 4099.851872007422, 4030.9193019151253, 4135.243242677132, 4134.321846666314, 4059.006345633403, 4169.06365079857, 3995.356505866263, 4064.3422899655343, 4178.257529885472, 4157.349210652681, 4081.7331079944506, 4077.025651999461, 4234.577093974437, 4192.639889992026, 4114.588532198838, 4127.327399390968, 4120.21064214991, 4057.59009335308], "mean_return": 4105.908630636831, "std_return": 72.27378260184054}