{"returns": [4138.175405672238, 4142.9382115304925, 4269.289729126738, 4013.080389773654, 4223.764038295033, 4042.4905130014704, 4102.1167296328795, 4233.092146905088, 4134.844433104301, 4235.794588287744, 4097.160517754214, 4144.235593013038, 4155.685053474335, 4057.7230611874643, 4202.183684229526, 4169.268722935442, 4193.264745929708, 4147.364066204843, 4171.232736099008, 4170.18811934149, 4103.972393778164, 4096.601514909121, 4245.121729245213, 4142.882172068637, 4150.501806156713, 4236.039743402297, 4231.7128009634525, 4100.888741402366, 4142.3186327651465, 4164.583331121953], "mean_return": 4155.283845043726, "std_return": 61.68540475022424}