{"returns": [3781.2380342286383, 3779.4182031970226, 3784.542610656611, 3775.456684857537, 3776.538468735851, 3778.6656391894935, 3774.2622014399913, 3768.4437390585804, 3775.9804378082135, 3782.6216629290507, 3778.0887369284733, 3783.650679518095, 3768.7717271092506, 3775.4146688468945, 3773.7942013880056, 3782.0882376607055, 3772.626875794412, 3781.848423723217, 3784.798822861636, 3776.052233068413], "mean_return": 3777.7151144500044, "std_return": 4.718803047253438}