{"returns": [3778.602375610587, 3772.9189894810465, 3779.630084269555, 3776.7078843500385, 3777.915280057656, 3773.48648248551, 3781.565800246151, 3776.4867978469692, 3773.931386351344, 3778.3647895806444, 3783.859080449677, 3775.249904978994, 3779.790763661268, 3780.990854828395, 3779.2239685167774, 3773.4285244707207, 3776.342760382493, 3778.3873984529196, 3777.539253136805, 3776.7684401905412], "mean_return": 3777.559540967405, "std_return": 2.82632735119467}