{"returns": [3780.2053053185723, 3780.554440289711, 3775.462674106267, 3780.1362387796576, 3779.3510379252225, 3778.4425762227725, 3773.680367349597, 3781.3048315191, 3780.193174358015, 3777.654613586782, 3782.2162365839704, 3784.7316581530563, 3782.694454942243, 3781.512492110456, 3775.6576780187156, 3776.162051046856, 3777.370062262358, 3784.34524788543, 3777.2269701436976, 3776.444560718481], "mean_return": 3779.2673335660484, "std_return": 2.9732715685272644}