{"returns": [3782.0162082125175, 3773.266187072203, 3780.1127273334155, 3775.264646642041, 3781.010681552085, 3777.748447434628, 3783.9899569311797, 3779.6158870195736, 3776.4781605323847, 3778.797752219674, 3783.8936052797544, 3774.4720459890264, 3784.6003546994925, 3775.1487551637224, 3783.4182963937255, 3773.8230263529463, 3780.226289448399, 3783.964658772038, 3776.62373805754, 3777.357686014357, 3772.232242747875, 3778.881767521456, 3775.2216880109545, 3773.5236356694763, 3781.8849583970314, 3778.82420014883, 3783.058058307708, 3773.3186929099033, 3777.671802350605, 3778.6976621128647], "mean_return": 3778.5047939765805, "std_return": 3.686000210248251}