{"returns": [10384.759034214023, 10449.955198697195, 10334.320180826555, 10465.360191600308, 10353.879400429652, 10445.179838182981, 10394.453004861367, 10403.716578433325, 10381.563325909858, 10397.00384527989, 10337.603158813929, 10466.956023059029, 10418.506627709832, 10419.66589605975, 10458.053991138979, 10417.851911248075, 10389.873904963371, 10350.880433617944, 10445.510676110718, 10381.980830720537], "mean_return": 10404.853702593868, "std_return": 40.68788947295278}