{"returns": [10394.274142519418, 10408.273719565266, 10363.804274094402, 10330.037377524244, 10358.423567678721, 10340.041782340339, 10381.22255721334, 10459.517129332466, 10343.848074832993, 10400.282932098233, 10358.065822704775, 10330.562336930487, 10478.748911502244, 10432.831262381274, 10433.668627643514, 10486.305281503182, 10348.080926293886, 10346.386915734349, 10389.452067257142, 10227.023633440322], "mean_return": 10380.542567129529, "std_return": 58.80027764630579}