{"returns": [10453.168720294123, 10333.224576628729, 10428.884846423878, 10486.807108690296, 10406.147051097621, 10277.566389777165, 10394.013661795107, 10409.795593223753, 10308.12127806008, 10424.284268982625, 10354.854099521866, 10475.162313384337, 10488.64791431869, 10494.26391181881, 10327.463104292987, 10388.163885055248, 10408.944685787517, 10338.528547998088, 10458.291244718386, 10414.258469765127], "mean_return": 10403.529583581721, "std_return": 62.00434979373596}