{"returns": [10447.601555923588, 10492.911880755712, 10451.646317822266, 10384.93778584297, 10458.170791135004, 10396.017504815101, 10392.569495226546, 10389.855142070759, 10370.418999498614, 10496.895803962972, 10296.248145394042, 10449.89550065967, 10495.682926464442, 10262.408357019587, 10481.662519600924, 10437.63771460036, 10432.907837567906, 10318.20431660907, 10362.463490230288, 10236.75673846866, 10386.725554377887, 10490.44126553391, 10423.839609996163, 10315.133731467073, 10426.743859415468, 10392.447550636265, 10422.317333358844, 10319.359328546481, 10401.390275582151, 10375.47468633116], "mean_return": 10400.292200630465, "std_return": 67.66875958328795}