{"returns": [-2.457577485383975, -4.981097960686934, -4.781978406396457, -2.537244559216249, -5.9325880947205825, -0.9059509123802179, -3.7090038881590037, -4.6129556890532735, -2.073312934082766, -3.519229005020608, -3.5142068010723824, -4.640401472668784, -3.872810071419, -1.0947215693138523, -4.366949923769515, -2.7262079809973367, -2.3548310949963436, -4.311077094402006, -0.7017929969490954, -5.809561943159282], "mean_return": -3.4451749941923837, "std_return": 1.5077135523405059}