{"returns": [-5.0508670915449585, -3.670728493056507, -4.714638475561176, -1.2877566358786572, -2.2893016786745126, -4.630599587990383, -1.6286936567377441, -6.095295834498217, -5.208949616952581, -4.879289555417285, -4.878859781827665, -2.2090440983137074, -6.152397913041389, -5.661357497392484, -5.082972873015276, -6.848604417296927, -1.6444912663920974, -1.7374600846721076, -5.37912589784322, -5.5668158887642205], "mean_return": -4.230862517243556, "std_return": 1.7214907030562694}