{"returns": [-7.369623114510709, -1.2742729296815891, -4.035189531188538, -1.1296672987877656, -2.651347659701223, -7.38597769255738, -2.8702726851144806, -2.5519878852633973, -3.835924813566706, -5.181837013280984, -3.519269747087489, -4.876432699815051, -1.4606861731269303, -5.963894337197896, -2.693853554606449, -5.921230229712091, -2.259825642844356, -7.112419218036328, -1.7560412541729018, -5.761301133113788, -2.3737354150044823, -3.8814199906978857, -0.9161091809979316, -6.716708902668946, -3.2064654602520877, -5.445402709190228, -3.4470260646041115, -4.356321617921211, -2.7798456097259376, -6.904466931445654], "mean_return": -3.987951883195818, "std_return": 1.9602748439731914}