{"returns": [-2.8957741862037154, -1.2539787311898896, -3.3965719653502013, -4.720379349424395, -5.805482910181555, -2.770524728175904, -3.324085489481283, -6.169658582265304, -3.278172615662807, -3.48913979314844, -3.320279203650574, -7.880970523529088, -4.757664684773905, -4.116252310492729, -2.922309027343119, -4.738382298384629, -2.6550746184254996, -5.460343378274741, -5.585904372662344, -3.615628385092943], "mean_return": -4.107828857685653, "std_return": 1.4924905054041941}