{"returns": [5509.3038755954585, 5570.054525974372, 5461.052739495993, 5513.793936529272, 5562.944482038694, 5531.025670367428, 5493.1120978364515, 5497.328660806832, 5442.1613577031885, 5480.860419661876, 5534.632733524502, 5478.629006815842, 5555.670115153491, 5443.55042689659, 5502.890219498092, 5418.76648875046, 5593.213986011737, 5484.255423554808, 5569.26116621117, 5467.536689832012], "mean_return": 5505.502201112912, "std_return": 46.96993739358131}