{"returns": [5608.533011083552, 5477.032849259428, 5551.253966159814, 5563.331184709742, 5545.489932092412, 5552.740857947176, 5461.590032100486, 5544.215081092942, 5535.554725146287, 5583.071510374042, 5584.468826232406, 5618.814126903818, 5583.788101926098, 5500.88760164437, 5464.847225536108, 5578.740415801276, 5581.415417091291, 5507.105433095499, 5601.920985126478, 5559.950016635606, 5554.8178622250825, 5514.274718340119, 5588.354895449006, 5538.008779763973, 5568.624201416636, 5417.914746082752, 5571.293989375101, 5432.287775851379, 5571.199355543304, 5447.1626075266395], "mean_return": 5540.289674384428, "std_return": 53.07198313197676}