{"returns": [5508.566736492324, 5531.423917047253, 5580.745563553999, 5439.9584651832765, 5456.5637707045225, 5550.845039526063, 5434.57346227811, 5521.0771031402755, 5492.033505781964, 5619.591671835614, 5598.714130064416, 5409.026861155697, 5615.215984184358, 5522.250926712253, 5524.120474827823, 5475.567013373649, 5585.569966371755, 5564.082483227691, 5547.656546531818, 5538.047969001004], "mean_return": 5525.781579549694, "std_return": 58.97926936705645}