{"returns": [5559.583141860532, 5584.7916817348905, 5557.734301510903, 5543.960205340225, 5547.259899308254, 5583.4263515625435, 5508.185038917417, 2660.9720125229715, 5541.146369285022, 5513.857097502036, 5534.612721370711, 5525.40826838335, 5539.299308510352, 5475.956114015617, 5555.78778820034, 5475.2787616568185, 5412.67986610664, 5488.2138984740695, 5527.438472142145, 5549.5365950710375], "mean_return": 5384.256394673795, "std_return": 626.0175450834419}