{"data_size": 20000, "epochs": [5, 10, 15, 20, 25, 30, 35, 40, 45, 50, 55, 60, 65, 70, 75, 80, 85, 90, 95, 100], "returns": [[193.8593655683936, 192.06140393904613, 230.88996010549803, 220.95632906207132, 183.37788548088935, 186.81547979787447, 362.0850547810497, 190.34777481260318, 188.3537979942633, 195.30836281895415], [1026.4793510092672, 1035.5691043681, 1022.0877856560679, 1032.636397979273, 1028.6634160683393, 1.0288302647861451, 1.0010707806536718, 2.196571646236821, 1033.6494498048567, 1032.8276851742605], [194.44916135485107, 191.72800392296762, 192.4800080506013, 194.15836389261779, 192.89102927993778, 190.82466149422902, 188.78762711390374, 192.82486835023775, 189.91080650619065, 190.46611495201114], [990.9375549838675, 244.96488279727654, 387.0878539724436, 592.5691859738193, 1826.3274729944394, 565.8621064181655, 196.43290894328948, 911.178724546471, 368.99219792019943, 380.32049755604066], [213.115712705938, 448.0570456737349, 1044.9539983862223, 619.4357665686775, 243.476704161339, 1072.0675491102486, 1086.4364687249547, 242.1764517544372, 548.1831063548076, 1072.4834438452747], [190.28555568870522, 181.8995938854514, 185.17075754561205, 178.12494402588257, 176.13828265150457, 179.73071260197324, 179.14398237411493, 179.37317696050926, 180.29616518106974, 180.2738714845911], [196.6781663423948, 1052.5100134531413, 189.90841019112887, 243.61767113470566, 1119.9401430015523, 185.64872642667808, 193.79166923955023, 194.10844027001457, 364.3175015944685, 215.1869289819233], [1253.5429838414896, 1415.1669041026275, 1146.9777791692147, 1286.1515591058164, 696.9125500724456, 620.1925262726686, 1121.3728882277653, 597.1605016248166, 1399.659000008526, 1094.483743549121], [467.1740617004023, 1094.254776006887, 1203.2508238833852, 580.1912417797103, 371.82318181203414, 586.4033541324444, 959.5097451240329, 719.484613033333, 1095.931062018829, 377.02776161376744], [214.00708465322145, 251.69034261043606, 213.91025995657415, 208.6949408397327, 204.11095477572871, 192.0959281832529, 209.0236523983921, 3055.1739330330115, 1134.95898388184, 238.98339417780926], [373.6718656398695, 485.12769247726527, 814.8716567410273, 1273.6339615312588, 254.26220240302595, 828.1632170033885, 1099.0631273672172, 252.78616017873176, 480.7230348653145, 261.8451326962527], [1412.5770363431905, 244.81777735628128, 921.751025593992, 1952.1185869701787, 254.28489583518586, 1544.4506789791178, 3472.3288998366233, 248.9376532131128, 2564.252476194721, 1824.213619966731], [227.5330072985657, 246.49329012651637, 237.92121489245656, 231.32105888642195, 232.724467505686, 229.01854668589223, 223.06865930860383, 232.75458896640995, 260.75228631309903, 228.38401847954844], [3998.0136455919687, 3733.500612348847, 2783.5685667833654, 3338.932791193135, 1104.9383544234827, 2097.110178551768, 4572.973394423316, 1242.627826089153, 1370.178882802788, 2847.9023103195896], [1963.2509525368691, 302.48870268341193, 1305.0889954023376, 274.10620695592456, 291.68448186448876, 3697.748446555679, 436.1590493971792, 282.2992184653978, 390.3594041846998, 294.5787512238813], [2123.748306995979, 3390.930699482649, 3974.9352454195528, 2168.121930096368, 2466.287209765114, 2945.5844247603914, 2325.2620800419195, 3668.2716261768383, 3709.963009418092, 4648.627588374869], [4265.9495675321705, 1941.4921883657355, 1497.2404004625034, 2713.9874571767796, 1924.3216493129762, 267.2281019201076, 3092.1174944259524, 3821.723380924007, 4372.556614407152, 2008.9387423566964], [1487.7957543287348, 3858.6673258809633, 2799.0137261200634, 703.3452842537374, 1209.028156784393, 234.8817092751186, 2332.9807411768784, 3107.874937895632, 2601.440611892621, 874.0559879254442], [4286.147370799122, 4670.37909812767, 4598.01324552453, 1309.520521179016, 791.3037742090529, 2276.6542974917666, 2871.3944768908286, 3421.3196765618113, 3802.521121645701, 3030.627565054537], [266.1555702600988, 3793.681841679494, 4488.632841648382, 276.67726456283316, 1749.1330251632976, 4229.861972534506, 4869.408795182983, 2770.3632760817054, 4352.517887510155, 4204.195322265353]], "best_return": 3142.173212053177, "best_return_std": 822.965400192936}