{"data_size": 20000, "epochs": [5, 10, 15, 20, 25, 30, 35, 40, 45, 50, 55, 60, 65, 70, 75, 80, 85, 90, 95, 100], "returns": [[1310.9268246241195, 1222.14635537464, 1287.8248518119524, 1249.7303369535987, 1376.241033220004, 1232.8362736444756, 1276.888968082992, 1202.012619234906, 1228.0345857575155, 1383.234437860149], [2704.365577276594, 3101.329555344726, 3716.527899381744, 2253.3732386972356, 2579.713427839773, 3259.3348414388565, 3714.934527613569, 1717.9685960901384, 2724.5182495686754, 2620.5842386390855], [3990.117501312183, 4384.476501098314, 3973.1788077808474, 4433.443206021007, 3773.372267221161, 4185.665023425189, 4375.994407183253, 4197.673594016442, 4240.294575644306, 4224.946842019486], [4664.498757403016, 4441.841660957319, 4562.622352927152, 4669.674035573808, 4549.726200791975, 4487.665752995017, 3974.5085994950855, 3778.0923716509374, 2250.7040030017674, 248.78003757666832], [4508.006153791841, 4563.098008307713, 4749.094980438486, 4697.963375448493, 4739.604437474279, 4489.199372376724, 4352.707221346354, 1349.014010795588, 4709.608261566669, 4312.55529527595], [423.0058168327028, 4640.843583396007, 4472.124458085271, 4586.77890876693, 4628.748335210073, 4556.519529901881, 4747.685126584833, 2404.5933106025627, 4797.6756145159325, 4767.977240563583], [4884.224039667575, 4632.792461413768, 4634.207763990421, 4736.948364682972, 4665.766106579704, 4742.45821554856, 4554.670400950008, 4486.417550557499, 4745.028521876885, 4594.654496944144], [4610.638366152285, 4722.731734232135, 4555.733799809241, 4647.81657522272, 4355.999630718758, 4558.732026810511, 4758.0983835225925, 4385.948320133769, 4435.630689325832, 4649.889507524061], [4706.529283012518, 4323.898569956106, 4649.7001208596985, 4622.381207065397, 4662.728880364722, 4611.515286354216, 4569.775092490249, 4475.065224804869, 4630.92369331624, 4391.4850807007915], [4647.813213229347, 4577.9207082741195, 4591.203066770605, 4774.554274942481, 4592.697646126951, 4542.878540073581, 4598.824425245627, 4732.232514074567, 4545.100184931689, 4822.490400833221], [4672.710478451712, 4652.730133449747, 4536.445636976868, 4572.900051700166, 4740.597424637532, 4670.692854183913, 4512.255115288244, 4588.530641035773, 4636.386485338047, 4674.233657950899], [4652.733404522832, 4610.041010828428, 4588.3664118269335, 4797.9698719959215, 4698.279494748544, 4750.346501704005, 4976.340498349486, 4726.128260932294, 4649.692844509783, 4902.5467028144085], [4412.573960392107, 4598.865103909355, 4533.586136688829, 4569.27059253064, 4424.241741040616, 4556.7506075590445, 4608.563032814608, 4536.692593191775, 4608.916922846253, 4420.919101859335], [4770.337833496508, 4713.831249604424, 4684.536581417478, 4670.459063254716, 4740.05516821429, 4818.6063569571115, 4706.790274867625, 4774.118540625237, 4780.719628788053, 4777.185773120514], [4495.769522152572, 4661.217068589701, 4630.664189662757, 4510.499137347903, 4468.672381203267, 4690.473301150574, 4580.32162294881, 4550.513566902958, 4659.794540341575, 4619.012419490531], [4672.323288275869, 4685.121085393867, 4560.833295357287, 4749.190667468845, 4691.12346006385, 4510.54793189552, 4690.051010929434, 4600.315362536594, 4451.948104440577, 4737.610112270409], [4699.800741026662, 4535.892612974243, 4751.718731459358, 4728.84198250667, 4640.313535396185, 4735.808801239847, 4567.534074247503, 4745.844227837963, 4639.897928217719, 4625.029106160386], [4663.43047566945, 4727.7476091717745, 4569.410478076805, 4791.531686461106, 4789.0863472627725, 4692.0843571105725, 4585.076394147631, 4660.772072324992, 4759.204671852777, 4565.836661335323], [4783.096809584751, 4899.447317147203, 4818.97974259843, 4833.859249133826, 4819.15874523841, 4773.536958411276, 4706.27182639962, 4827.399085708821, 4732.285776813247, 4929.6370596948045], [4807.814780093859, 4666.525954315923, 4850.46277954846, 1527.4818628304242, 4826.959306303036, 4671.5318525963685, 4615.608847231302, 4583.627030233972, 5089.012937002247, 4691.967884409153]], "best_return": 4812.367257073039, "best_return_std": 64.92048168442075}