{"data_size": 20000, "epochs": [5, 10, 15, 20, 25, 30, 35, 40, 45, 50, 55, 60, 65, 70, 75, 80, 85, 90, 95, 100], "returns": [[187.4429823234508, 185.77324874173783, 186.7195120086073, 187.7879060318457, 187.2034573084915, 186.44925024897367, 186.10537889746868, 188.03054103166002, 185.86498794149944, 186.1155393074861], [691.5078907630798, 765.8219037986231, 779.3991246999856, 772.2800336350759, 712.359513109486, 691.3981859655349, 760.508929365995, 764.2188732182947, 689.308932809195, 779.7959580637147], [827.6270938656495, 1092.964155494215, 1093.8551291598105, 1103.8188039584152, 828.0967216837537, 1097.9979220941652, 1107.2808832196208, 1786.8896474694805, 1110.3200680445025, 1090.347301990453], [2638.4582231202367, 3316.5240415266207, 2923.1403893346833, 2164.678115827228, 3297.227831901902, 2444.2591842128827, 3738.447298718777, 2072.116580757352, 1462.5225537075942, 1182.290578383177], [3750.1974013247336, 3462.9976688692805, 3754.7669791404855, 3500.4055636562603, 2523.3198186190634, 3707.3353971625593, 3822.056248716667, 2586.584540665232, 2299.5450213984054, 3412.2006248780726], [3781.285206563491, 3764.1148868780224, 3763.078066159385, 3781.222147459325, 3783.208937568843, 3777.0891538189676, 3781.651311110765, 3757.93797907039, 3777.7620159296066, 3782.9636461829086], [3773.5323736919013, 3770.2242805479514, 3757.7072317078014, 3740.8490248815933, 3761.3751506397166, 3758.256431327926, 3773.8121038903946, 3778.293786463241, 3776.6681775616576, 3760.088630278979], [3779.5754034459073, 3781.701803736639, 3778.5460738834, 3772.6484052644587, 3781.124889199099, 3777.826058378165, 3783.2507108779296, 3783.280680466625, 3779.6658469052886, 3777.220730115743], [3789.686492618157, 3787.6551319222267, 3786.256699578876, 3788.732666373277, 3789.0186609583448, 3790.8877505086225, 3789.167375510706, 3786.824504771084, 3797.4713363750684, 3785.5271927923404], [3760.914313086334, 3755.7439830017497, 3765.8666297326326, 3753.0530861879934, 3763.6560138383516, 3759.7876065002124, 3769.2240470546035, 3760.8047835531256, 3761.5218509387582, 3759.698423322719], [3783.901177251083, 3778.071290817622, 3782.6658296415635, 3779.9174831182754, 3778.938520580954, 3787.4268741667333, 3781.640971306348, 3781.67437877873, 3779.1216098252658, 3777.59619370622], [3791.935665689136, 3785.60451150659, 3777.56580636576, 3790.3417868345155, 3784.852811706826, 3788.860119565828, 3786.6086781325994, 3790.1264714589893, 3786.6090235605657, 3781.5831900009075], [3780.891441088737, 3782.070884521293, 3773.5781735025266, 3782.8166727473526, 3774.504221995072, 3781.062435255119, 3783.3341247593785, 3780.8733245169433, 3780.642495099396, 3782.2176708918137], [3779.808540791155, 3783.4546514963536, 3779.1209042712635, 3776.0667541681823, 3779.6199267311727, 3778.8920644535565, 3782.0837470586134, 3774.156624861052, 3780.8679203193806, 3779.0137182379553], [3784.394167830366, 3783.370277419811, 3788.1027199791124, 3779.5040345135767, 3786.13710377679, 3789.8428762023973, 3784.688011310945, 3784.125090326108, 3785.08433542468, 3782.562224458623], [3772.222926310731, 3780.7799462960834, 3775.978610562827, 3774.8078759112805, 3778.1949266219426, 3780.593137612837, 3774.3256765029437, 3783.1453319699394, 3777.6746223876917, 3780.7026927218785], [3784.7698627333984, 3790.33060947555, 3781.534292827483, 3780.4918294106224, 3786.647109509874, 3785.6027370673473, 3784.6508454884947, 3779.1995287728173, 3783.3306466548224, 3783.7617176729796], [3778.541733163995, 3784.2587833394655, 3787.300051910262, 3777.1080913452206, 3777.620548025444, 3781.1170996392657, 3778.488915227919, 3776.47574786555, 3782.6506386067576, 3782.151574487754], [3787.144641870484, 3787.1977330119626, 3785.117664974497, 3784.645181372805, 3781.659254912666, 3786.1751092882873, 3782.616698031764, 3777.2369739841934, 3779.107320673363, 3780.5461078770973], [3781.0082780601642, 3782.4100348729753, 3781.618269806239, 3787.295162915749, 3780.176310517662, 3779.14917894069, 3780.294158457941, 3776.047181052328, 3781.1576583427286, 3775.9227838843194]], "best_return": 3789.1227811408703, "best_return_std": 3.191786784738293}