{"data_size": 20000, "epochs": [5, 10, 15, 20, 25, 30, 35, 40, 45, 50, 55, 60, 65, 70, 75, 80, 85, 90, 95, 100], "returns": [[145.18651549515553, 148.56209951803578, 147.02941522029337, 142.1772615128646, 142.15128599871568, 145.24947162905116, 146.01725495457228, 152.15156910104736, 151.35977257878022, 145.84125108187484], [474.0908385059068, 903.2746870096094, 636.6561701437298, 620.5281645755832, 433.44066216108973, 625.7473001495127, 651.8794414163525, 1003.7969807156525, 274.95976924292063, 789.3844460922319], [682.049338715015, 677.7548744503343, 674.4680988355939, 672.9446054258256, 673.5946473588581, 689.5783149844171, 671.2959998422972, 689.504667763708, 671.0688042810692, 688.46298719477], [3792.2138682117993, 2810.9001166903126, 2867.282328129684, 2839.256020697365, 1833.8462798800738, 1931.8409735025816, 1794.2431350687048, 3157.5110157222202, 2923.0126388425324, 2875.177678004681], [2762.969443668379, 3077.6817011048133, 2705.341333310693, 2838.0791358647475, 3420.4173149247495, 2481.098710160697, 2398.023789287517, 2858.6759776737103, 3337.9244972099164, 2358.584676949437], [3757.998343957259, 3685.824889500051, 3764.2766156459024, 3678.2085483425963, 3618.3098390837326, 3631.0068042671755, 3675.8080346482598, 3633.9687470219874, 3643.282842804714, 3573.02695620335], [3770.461620190856, 3770.798070815028, 3773.6949172026566, 3772.1963346701355, 3779.620647029086, 3775.5138635900985, 3781.122827146738, 3786.257323397335, 1847.325049854983, 3778.286795744621], [3655.485572934147, 3677.7815085074417, 3713.3652685099323, 3686.978006824225, 3730.4376989596785, 3738.249644663258, 3685.9376829726857, 3672.7558261547106, 3705.880617531599, 3704.6514437806222], [3796.271965505605, 3800.515627104394, 3802.3264732591747, 3798.873204551464, 3792.0712176308343, 3796.1173942341366, 3797.111528048375, 3792.5003749073007, 3791.2692872787625, 3798.896524084456], [3777.7874501933497, 3768.612605982609, 3770.686522726981, 3776.2571658878746, 3770.7082805905966, 3760.8610414820137, 3778.8319550725637, 3777.320557409431, 3622.4079807171015, 3769.4141120630475], [3782.1490800326246, 3773.9162400757946, 3779.8604192119183, 3769.6054055088603, 3778.6543573374665, 3770.5188323269404, 3781.1971790970633, 3771.0010955102375, 3780.897096919757, 3775.926146707302], [3778.3413190863444, 3779.592073989516, 3776.155485729169, 3786.912195593569, 3789.189859895083, 3785.1579937545553, 3796.8481862156677, 3787.727436043144, 3791.1880829052407, 3788.729881091371], [3782.9956923587047, 3768.4585431308724, 3777.7854921864805, 3773.7302585530365, 3773.111588169986, 3768.9176503407607, 3774.203884756047, 3774.6817339343215, 3771.982558708788, 3771.24008071303], [3796.306195138479, 3792.9897735154805, 3795.8979370264938, 3797.7084403277336, 3798.2625519490857, 3793.4959893318196, 3796.520228443796, 3793.6783322210663, 3790.923134348846, 3796.2723157285423], [3783.8815167982893, 3780.150242767217, 3787.359332962976, 3784.161020662586, 3783.602206686256, 3786.5966123506237, 3787.6066002594093, 3783.24298911586, 3786.4883195853818, 3788.797591970421], [3795.64429772173, 3801.874073163416, 3780.450922994437, 3805.9383237603365, 3790.5574447100526, 3793.250588501977, 3799.982765139607, 3796.7661850251343, 3795.8516186582506, 3790.05845554544], [3781.6669539747113, 3771.836587314761, 3771.331436451586, 3776.335039306669, 3774.4904111059177, 3774.63502731267, 3774.9885021651785, 3773.5697393156875, 3773.3776383598865, 3768.696640344177], [3773.416161404436, 3777.5510836063095, 3769.839597887463, 3778.7707685446085, 3774.6277145089734, 3781.982108874072, 3775.5891959151104, 3774.208914523155, 3780.284754862842, 3777.5582018823934], [3785.207527708976, 3785.901965186786, 3785.297953421551, 3782.1714656241274, 3783.586564704675, 3781.1196060196103, 3787.313470449476, 3788.989735935748, 3781.074129301532, 3782.12838640213], [3762.9658307201807, 3756.7097693074006, 3754.676161469662, 3760.8711575091893, 3761.921607186539, 3759.5237021065373, 3754.3527141285435, 3757.1380662970428, 3760.598898992927, 3752.5702566838177]], "best_return": 3796.59535966045, "best_return_std": 3.534138759978566}